model,player_id,alias,rating
A,091f312a-207f-4cea-9d57-437a614affde,P01,3.894
A,0996ee22-e381-45db-90c2-1863869a244e,P02,3.949
A,09db6874-adc0-46f0-82f7-83cd372cc1f5,P03,4.496
A,0afcfd8d-0965-4364-a90e-c1872c47c12c,P04,4.484
A,0fa0a889-795e-4185-8e11-61e0c1f1929b,P05,4.538
A,1d2861a4-879c-44ca-bc08-552020392e18,P06,3.217
A,1f2d89a9-f3fa-41f6-982c-74b37b29581b,P07,4.232
A,20067ed8-879d-470d-9fdf-138b78039ac3,P08,5.586
A,23c1639d-675f-4b9a-a331-3ce419306a6a,P09,3.486
A,27f6c2fe-4682-46a5-a2a2-4962a0d9776e,P10,4.058
A,28656f69-2ade-488b-b07a-037fb9bfa311,P11,4.151
A,32b0e88b-e994-4b10-bf2e-4086a731c027,P12,3.585
A,33f9b461-e8d9-49f7-b81f-f472e956c93f,P13,4.706
A,4952b344-b938-4d7f-9799-ddf405dcf72a,P14,2.704
A,524889fc-4f50-41bb-b22b-cd5046ba728d,P15,2.443
A,665f7e7c-5de9-4c33-b0f3-3e9b4d3eea7c,P16,4.0
A,8e7929b9-007e-42c3-aa3f-003d3f4df78f,P17,4.017
A,8fa5441d-1934-4810-af86-a11ee051e58f,P18,4.168
A,9313bcbf-e559-499a-9658-b277050b37ca,P19,4.947
A,b5146cb1-84e0-4690-a7ae-d6256b33586c,P20,3.339
A,cb2d6d92-3c1d-453d-aa65-79ca040d61f3,P21,4.12
A,d4acf5d8-317e-4564-8170-8fe09e6aa115,P22,3.99
A,dfda52a3-01e6-4456-b139-f5a74d69cdd3,P23,4.588
A,e82e0c7f-ec26-4880-a11c-8e93cdb4e9ae,P24,2.368
A,ed66b898-95e9-4f5c-a69c-df19b9c6da3c,P25,3.204
B_K0.35,091f312a-207f-4cea-9d57-437a614affde,P01,3.764
B_K0.35,0996ee22-e381-45db-90c2-1863869a244e,P02,3.996
B_K0.35,09db6874-adc0-46f0-82f7-83cd372cc1f5,P03,4.389
B_K0.35,0afcfd8d-0965-4364-a90e-c1872c47c12c,P04,4.354
B_K0.35,0fa0a889-795e-4185-8e11-61e0c1f1929b,P05,4.385
B_K0.35,1d2861a4-879c-44ca-bc08-552020392e18,P06,3.217
B_K0.35,1f2d89a9-f3fa-41f6-982c-74b37b29581b,P07,4.162
B_K0.35,20067ed8-879d-470d-9fdf-138b78039ac3,P08,6.207
B_K0.35,23c1639d-675f-4b9a-a331-3ce419306a6a,P09,3.592
B_K0.35,27f6c2fe-4682-46a5-a2a2-4962a0d9776e,P10,4.104
B_K0.35,28656f69-2ade-488b-b07a-037fb9bfa311,P11,4.106
B_K0.35,32b0e88b-e994-4b10-bf2e-4086a731c027,P12,3.693
B_K0.35,33f9b461-e8d9-49f7-b81f-f472e956c93f,P13,4.573
B_K0.35,4952b344-b938-4d7f-9799-ddf405dcf72a,P14,2.488
B_K0.35,524889fc-4f50-41bb-b22b-cd5046ba728d,P15,2.311
B_K0.35,665f7e7c-5de9-4c33-b0f3-3e9b4d3eea7c,P16,4.0
B_K0.35,8e7929b9-007e-42c3-aa3f-003d3f4df78f,P17,4.055
B_K0.35,8fa5441d-1934-4810-af86-a11ee051e58f,P18,4.098
B_K0.35,9313bcbf-e559-499a-9658-b277050b37ca,P19,5.248
B_K0.35,b5146cb1-84e0-4690-a7ae-d6256b33586c,P20,3.406
B_K0.35,cb2d6d92-3c1d-453d-aa65-79ca040d61f3,P21,4.062
B_K0.35,d4acf5d8-317e-4564-8170-8fe09e6aa115,P22,4.027
B_K0.35,dfda52a3-01e6-4456-b139-f5a74d69cdd3,P23,4.409
B_K0.35,e82e0c7f-ec26-4880-a11c-8e93cdb4e9ae,P24,2.412
B_K0.35,ed66b898-95e9-4f5c-a69c-df19b9c6da3c,P25,3.168
B_K0.75,091f312a-207f-4cea-9d57-437a614affde,P01,4.009
B_K0.75,0996ee22-e381-45db-90c2-1863869a244e,P02,3.897
B_K0.75,09db6874-adc0-46f0-82f7-83cd372cc1f5,P03,4.561
B_K0.75,0afcfd8d-0965-4364-a90e-c1872c47c12c,P04,4.507
B_K0.75,0fa0a889-795e-4185-8e11-61e0c1f1929b,P05,4.659
B_K0.75,1d2861a4-879c-44ca-bc08-552020392e18,P06,3.217
B_K0.75,1f2d89a9-f3fa-41f6-982c-74b37b29581b,P07,4.272
B_K0.75,20067ed8-879d-470d-9fdf-138b78039ac3,P08,5.225
B_K0.75,23c1639d-675f-4b9a-a331-3ce419306a6a,P09,3.521
B_K0.75,27f6c2fe-4682-46a5-a2a2-4962a0d9776e,P10,3.96
B_K0.75,28656f69-2ade-488b-b07a-037fb9bfa311,P11,4.194
B_K0.75,32b0e88b-e994-4b10-bf2e-4086a731c027,P12,3.508
B_K0.75,33f9b461-e8d9-49f7-b81f-f472e956c93f,P13,4.754
B_K0.75,4952b344-b938-4d7f-9799-ddf405dcf72a,P14,2.87
B_K0.75,524889fc-4f50-41bb-b22b-cd5046ba728d,P15,2.55
B_K0.75,665f7e7c-5de9-4c33-b0f3-3e9b4d3eea7c,P16,4.0
B_K0.75,8e7929b9-007e-42c3-aa3f-003d3f4df78f,P17,3.975
B_K0.75,8fa5441d-1934-4810-af86-a11ee051e58f,P18,4.24
B_K0.75,9313bcbf-e559-499a-9658-b277050b37ca,P19,4.705
B_K0.75,b5146cb1-84e0-4690-a7ae-d6256b33586c,P20,3.222
B_K0.75,cb2d6d92-3c1d-453d-aa65-79ca040d61f3,P21,4.19
B_K0.75,d4acf5d8-317e-4564-8170-8fe09e6aa115,P22,3.93
B_K0.75,dfda52a3-01e6-4456-b139-f5a74d69cdd3,P23,4.724
B_K0.75,e82e0c7f-ec26-4880-a11c-8e93cdb4e9ae,P24,2.341
B_K0.75,ed66b898-95e9-4f5c-a69c-df19b9c6da3c,P25,3.299
C_P1.5_N5,091f312a-207f-4cea-9d57-437a614affde,P01,3.948
C_P1.5_N5,0996ee22-e381-45db-90c2-1863869a244e,P02,3.927
C_P1.5_N5,09db6874-adc0-46f0-82f7-83cd372cc1f5,P03,4.538
C_P1.5_N5,0afcfd8d-0965-4364-a90e-c1872c47c12c,P04,4.493
C_P1.5_N5,0fa0a889-795e-4185-8e11-61e0c1f1929b,P05,4.572
C_P1.5_N5,1d2861a4-879c-44ca-bc08-552020392e18,P06,3.217
C_P1.5_N5,1f2d89a9-f3fa-41f6-982c-74b37b29581b,P07,4.247
C_P1.5_N5,20067ed8-879d-470d-9fdf-138b78039ac3,P08,5.472
C_P1.5_N5,23c1639d-675f-4b9a-a331-3ce419306a6a,P09,3.47
C_P1.5_N5,27f6c2fe-4682-46a5-a2a2-4962a0d9776e,P10,4.054
C_P1.5_N5,28656f69-2ade-488b-b07a-037fb9bfa311,P11,4.128
C_P1.5_N5,32b0e88b-e994-4b10-bf2e-4086a731c027,P12,3.573
C_P1.5_N5,33f9b461-e8d9-49f7-b81f-f472e956c93f,P13,4.74
C_P1.5_N5,4952b344-b938-4d7f-9799-ddf405dcf72a,P14,2.718
C_P1.5_N5,524889fc-4f50-41bb-b22b-cd5046ba728d,P15,2.521
C_P1.5_N5,665f7e7c-5de9-4c33-b0f3-3e9b4d3eea7c,P16,4.0
C_P1.5_N5,8e7929b9-007e-42c3-aa3f-003d3f4df78f,P17,4.029
C_P1.5_N5,8fa5441d-1934-4810-af86-a11ee051e58f,P18,4.2
C_P1.5_N5,9313bcbf-e559-499a-9658-b277050b37ca,P19,4.866
C_P1.5_N5,b5146cb1-84e0-4690-a7ae-d6256b33586c,P20,3.299
C_P1.5_N5,cb2d6d92-3c1d-453d-aa65-79ca040d61f3,P21,4.154
C_P1.5_N5,d4acf5d8-317e-4564-8170-8fe09e6aa115,P22,3.932
C_P1.5_N5,dfda52a3-01e6-4456-b139-f5a74d69cdd3,P23,4.682
C_P1.5_N5,e82e0c7f-ec26-4880-a11c-8e93cdb4e9ae,P24,2.352
C_P1.5_N5,ed66b898-95e9-4f5c-a69c-df19b9c6da3c,P25,3.267
C_P1.5_N10,091f312a-207f-4cea-9d57-437a614affde,P01,3.975
C_P1.5_N10,0996ee22-e381-45db-90c2-1863869a244e,P02,3.917
C_P1.5_N10,09db6874-adc0-46f0-82f7-83cd372cc1f5,P03,4.539
C_P1.5_N10,0afcfd8d-0965-4364-a90e-c1872c47c12c,P04,4.487
C_P1.5_N10,0fa0a889-795e-4185-8e11-61e0c1f1929b,P05,4.552
C_P1.5_N10,1d2861a4-879c-44ca-bc08-552020392e18,P06,3.217
C_P1.5_N10,1f2d89a9-f3fa-41f6-982c-74b37b29581b,P07,4.266
C_P1.5_N10,20067ed8-879d-470d-9fdf-138b78039ac3,P08,5.407
C_P1.5_N10,23c1639d-675f-4b9a-a331-3ce419306a6a,P09,3.521
C_P1.5_N10,27f6c2fe-4682-46a5-a2a2-4962a0d9776e,P10,4.076
C_P1.5_N10,28656f69-2ade-488b-b07a-037fb9bfa311,P11,4.154
C_P1.5_N10,32b0e88b-e994-4b10-bf2e-4086a731c027,P12,3.541
C_P1.5_N10,33f9b461-e8d9-49f7-b81f-f472e956c93f,P13,4.756
C_P1.5_N10,4952b344-b938-4d7f-9799-ddf405dcf72a,P14,2.824
C_P1.5_N10,524889fc-4f50-41bb-b22b-cd5046ba728d,P15,2.508
C_P1.5_N10,665f7e7c-5de9-4c33-b0f3-3e9b4d3eea7c,P16,4.0
C_P1.5_N10,8e7929b9-007e-42c3-aa3f-003d3f4df78f,P17,4.04
C_P1.5_N10,8fa5441d-1934-4810-af86-a11ee051e58f,P18,4.216
C_P1.5_N10,9313bcbf-e559-499a-9658-b277050b37ca,P19,4.832
C_P1.5_N10,b5146cb1-84e0-4690-a7ae-d6256b33586c,P20,3.254
C_P1.5_N10,cb2d6d92-3c1d-453d-aa65-79ca040d61f3,P21,4.16
C_P1.5_N10,d4acf5d8-317e-4564-8170-8fe09e6aa115,P22,3.977
C_P1.5_N10,dfda52a3-01e6-4456-b139-f5a74d69cdd3,P23,4.656
C_P1.5_N10,e82e0c7f-ec26-4880-a11c-8e93cdb4e9ae,P24,2.354
C_P1.5_N10,ed66b898-95e9-4f5c-a69c-df19b9c6da3c,P25,3.278
C_P2_N5,091f312a-207f-4cea-9d57-437a614affde,P01,4.062
C_P2_N5,0996ee22-e381-45db-90c2-1863869a244e,P02,3.88
C_P2_N5,09db6874-adc0-46f0-82f7-83cd372cc1f5,P03,4.594
C_P2_N5,0afcfd8d-0965-4364-a90e-c1872c47c12c,P04,4.51
C_P2_N5,0fa0a889-795e-4185-8e11-61e0c1f1929b,P05,4.627
C_P2_N5,1d2861a4-879c-44ca-bc08-552020392e18,P06,3.217
C_P2_N5,1f2d89a9-f3fa-41f6-982c-74b37b29581b,P07,4.253
C_P2_N5,20067ed8-879d-470d-9fdf-138b78039ac3,P08,5.299
C_P2_N5,23c1639d-675f-4b9a-a331-3ce419306a6a,P09,3.457
C_P2_N5,27f6c2fe-4682-46a5-a2a2-4962a0d9776e,P10,4.018
C_P2_N5,28656f69-2ade-488b-b07a-037fb9bfa311,P11,4.099
C_P2_N5,32b0e88b-e994-4b10-bf2e-4086a731c027,P12,3.57
C_P2_N5,33f9b461-e8d9-49f7-b81f-f472e956c93f,P13,4.796
C_P2_N5,4952b344-b938-4d7f-9799-ddf405dcf72a,P14,2.744
C_P2_N5,524889fc-4f50-41bb-b22b-cd5046ba728d,P15,2.62
C_P2_N5,665f7e7c-5de9-4c33-b0f3-3e9b4d3eea7c,P16,4.0
C_P2_N5,8e7929b9-007e-42c3-aa3f-003d3f4df78f,P17,4.052
C_P2_N5,8fa5441d-1934-4810-af86-a11ee051e58f,P18,4.262
C_P2_N5,9313bcbf-e559-499a-9658-b277050b37ca,P19,4.725
C_P2_N5,b5146cb1-84e0-4690-a7ae-d6256b33586c,P20,3.221
C_P2_N5,cb2d6d92-3c1d-453d-aa65-79ca040d61f3,P21,4.226
C_P2_N5,d4acf5d8-317e-4564-8170-8fe09e6aa115,P22,3.883
C_P2_N5,dfda52a3-01e6-4456-b139-f5a74d69cdd3,P23,4.834
C_P2_N5,e82e0c7f-ec26-4880-a11c-8e93cdb4e9ae,P24,2.326
C_P2_N5,ed66b898-95e9-4f5c-a69c-df19b9c6da3c,P25,3.369
D_S0.6,091f312a-207f-4cea-9d57-437a614affde,P01,3.935
D_S0.6,0996ee22-e381-45db-90c2-1863869a244e,P02,3.886
D_S0.6,09db6874-adc0-46f0-82f7-83cd372cc1f5,P03,4.469
D_S0.6,0afcfd8d-0965-4364-a90e-c1872c47c12c,P04,4.542
D_S0.6,0fa0a889-795e-4185-8e11-61e0c1f1929b,P05,4.605
D_S0.6,1d2861a4-879c-44ca-bc08-552020392e18,P06,3.217
D_S0.6,1f2d89a9-f3fa-41f6-982c-74b37b29581b,P07,4.251
D_S0.6,20067ed8-879d-470d-9fdf-138b78039ac3,P08,5.303
D_S0.6,23c1639d-675f-4b9a-a331-3ce419306a6a,P09,3.556
D_S0.6,27f6c2fe-4682-46a5-a2a2-4962a0d9776e,P10,4.089
D_S0.6,28656f69-2ade-488b-b07a-037fb9bfa311,P11,4.126
D_S0.6,32b0e88b-e994-4b10-bf2e-4086a731c027,P12,3.488
D_S0.6,33f9b461-e8d9-49f7-b81f-f472e956c93f,P13,4.619
D_S0.6,4952b344-b938-4d7f-9799-ddf405dcf72a,P14,2.908
D_S0.6,524889fc-4f50-41bb-b22b-cd5046ba728d,P15,2.588
D_S0.6,665f7e7c-5de9-4c33-b0f3-3e9b4d3eea7c,P16,4.0
D_S0.6,8e7929b9-007e-42c3-aa3f-003d3f4df78f,P17,4.002
D_S0.6,8fa5441d-1934-4810-af86-a11ee051e58f,P18,4.251
D_S0.6,9313bcbf-e559-499a-9658-b277050b37ca,P19,4.777
D_S0.6,b5146cb1-84e0-4690-a7ae-d6256b33586c,P20,3.355
D_S0.6,cb2d6d92-3c1d-453d-aa65-79ca040d61f3,P21,4.094
D_S0.6,d4acf5d8-317e-4564-8170-8fe09e6aa115,P22,4.047
D_S0.6,dfda52a3-01e6-4456-b139-f5a74d69cdd3,P23,4.601
D_S0.6,e82e0c7f-ec26-4880-a11c-8e93cdb4e9ae,P24,2.421
D_S0.6,ed66b898-95e9-4f5c-a69c-df19b9c6da3c,P25,3.221
D_S1.2,091f312a-207f-4cea-9d57-437a614affde,P01,3.882
D_S1.2,0996ee22-e381-45db-90c2-1863869a244e,P02,3.98
D_S1.2,09db6874-adc0-46f0-82f7-83cd372cc1f5,P03,4.505
D_S1.2,0afcfd8d-0965-4364-a90e-c1872c47c12c,P04,4.439
D_S1.2,0fa0a889-795e-4185-8e11-61e0c1f1929b,P05,4.491
D_S1.2,1d2861a4-879c-44ca-bc08-552020392e18,P06,3.217
D_S1.2,1f2d89a9-f3fa-41f6-982c-74b37b29581b,P07,4.215
D_S1.2,20067ed8-879d-470d-9fdf-138b78039ac3,P08,5.827
D_S1.2,23c1639d-675f-4b9a-a331-3ce419306a6a,P09,3.454
D_S1.2,27f6c2fe-4682-46a5-a2a2-4962a0d9776e,P10,4.019
D_S1.2,28656f69-2ade-488b-b07a-037fb9bfa311,P11,4.162
D_S1.2,32b0e88b-e994-4b10-bf2e-4086a731c027,P12,3.659
D_S1.2,33f9b461-e8d9-49f7-b81f-f472e956c93f,P13,4.751
D_S1.2,4952b344-b938-4d7f-9799-ddf405dcf72a,P14,2.575
D_S1.2,524889fc-4f50-41bb-b22b-cd5046ba728d,P15,2.345
D_S1.2,665f7e7c-5de9-4c33-b0f3-3e9b4d3eea7c,P16,4.0
D_S1.2,8e7929b9-007e-42c3-aa3f-003d3f4df78f,P17,4.016
D_S1.2,8fa5441d-1934-4810-af86-a11ee051e58f,P18,4.12
D_S1.2,9313bcbf-e559-499a-9658-b277050b37ca,P19,5.074
D_S1.2,b5146cb1-84e0-4690-a7ae-d6256b33586c,P20,3.336
D_S1.2,cb2d6d92-3c1d-453d-aa65-79ca040d61f3,P21,4.138
D_S1.2,d4acf5d8-317e-4564-8170-8fe09e6aa115,P22,3.954
D_S1.2,dfda52a3-01e6-4456-b139-f5a74d69cdd3,P23,4.534
D_S1.2,e82e0c7f-ec26-4880-a11c-8e93cdb4e9ae,P24,2.341
D_S1.2,ed66b898-95e9-4f5c-a69c-df19b9c6da3c,P25,3.216
