model,match_id,order,played_at,score_mode,team_a_ids,team_b_ids,team_a_before,team_b_before,team_a_prior,team_b_prior,score_a,score_b,gap,expected,actual,win,partner_gap_a,partner_gap_b,team_a_after,team_b_after
A,f252ac4c-d134-4c6a-a68c-8bfb6868a91f,1,2026-09-03T04:21:00+00:00,POINTS,"0fa0a889-795e-4185-8e11-61e0c1f1929b,4952b344-b938-4d7f-9799-ddf405dcf72a","524889fc-4f50-41bb-b22b-cd5046ba728d,9313bcbf-e559-499a-9658-b277050b37ca","4,2","2,5.9","0,0","0,0",12.0,15.0,-0.95,0.2581597095111632,0.4444444444444444,0.0,2.0,3.9,"4.082,2.082","2.000,5.818"
A,8f4f89bf-f631-40fb-92ea-2e570dff7707,2,2026-09-03T04:23:00+00:00,POINTS,"27f6c2fe-4682-46a5-a2a2-4962a0d9776e,28656f69-2ade-488b-b07a-037fb9bfa311","0afcfd8d-0965-4364-a90e-c1872c47c12c,ed66b898-95e9-4f5c-a69c-df19b9c6da3c","4,4","4,3.5","0,0","0,0",14.0,14.0,0.25,0.5690013325681905,0.5,0.5,0.0,0.5,"3.969,3.969","4.031,3.531"
A,f53ac5f1-4189-4e25-8949-8e6073016eeb,3,2026-09-03T04:24:00+00:00,POINTS,"0fa0a889-795e-4185-8e11-61e0c1f1929b,ed66b898-95e9-4f5c-a69c-df19b9c6da3c","23c1639d-675f-4b9a-a331-3ce419306a6a,b5146cb1-84e0-4690-a7ae-d6256b33586c","4.082,3.531","4,3.4","1,1","0,0",15.0,0.0,0.1065,0.5295488608666751,1.0,1.0,0.551,0.6,"4.290,3.739","3.792,3.192"
A,b4436f08-ef01-4453-990c-c6add342dcda,4,2026-09-03T04:27:00+00:00,POINTS,"33f9b461-e8d9-49f7-b81f-f472e956c93f,dfda52a3-01e6-4456-b139-f5a74d69cdd3","0afcfd8d-0965-4364-a90e-c1872c47c12c,20067ed8-879d-470d-9fdf-138b78039ac3","4,4","4.031,8","0,0","1,0",15.0,12.0,-2.0155,0.09626386261082363,0.5555555555555556,1.0,0.0,3.969,"4.203,4.203","3.828,7.797"
A,a6397938-05cc-4785-9ec8-bb010355c9da,5,2026-09-03T04:29:00+00:00,POINTS,"20067ed8-879d-470d-9fdf-138b78039ac3,d4acf5d8-317e-4564-8170-8fe09e6aa115","27f6c2fe-4682-46a5-a2a2-4962a0d9776e,524889fc-4f50-41bb-b22b-cd5046ba728d","7.797,4","3.969,2.000","1,0","1,1",9.0,15.0,2.914,0.9622314321656562,0.375,0.0,3.797,1.969,"7.537,3.740","4.229,2.260"
A,9a0d536d-702f-4764-b2b8-fc5a69a6b9de,6,2026-09-03T04:30:00+00:00,POINTS,"0afcfd8d-0965-4364-a90e-c1872c47c12c,23c1639d-675f-4b9a-a331-3ce419306a6a","dfda52a3-01e6-4456-b139-f5a74d69cdd3,ed66b898-95e9-4f5c-a69c-df19b9c6da3c","3.828,3.792","4.203,3.739","2,1","1,2",8.0,15.0,-0.161,0.4553966612109141,0.34782608695652173,0.0,0.036,0.464,"3.780,3.744","4.251,3.787"
A,6e504b4c-8034-4fbb-8e80-dc612f3fde9a,7,2026-09-03T04:33:00+00:00,POINTS,"8e7929b9-007e-42c3-aa3f-003d3f4df78f,b5146cb1-84e0-4690-a7ae-d6256b33586c","0fa0a889-795e-4185-8e11-61e0c1f1929b,4952b344-b938-4d7f-9799-ddf405dcf72a","4,3.192","4.290,2.082","0,1","2,1",10.0,15.0,0.41,0.6119593022682283,0.4,0.0,0.808,2.208,"3.906,3.098","4.384,2.176"
A,883f6955-cf07-44f4-bf2a-d0eaab7996eb,8,2026-09-03T04:36:00+00:00,POINTS,"33f9b461-e8d9-49f7-b81f-f472e956c93f,524889fc-4f50-41bb-b22b-cd5046ba728d","28656f69-2ade-488b-b07a-037fb9bfa311,9313bcbf-e559-499a-9658-b277050b37ca","4.203,2.260","3.969,5.818","1,2","1,1",13.0,15.0,-1.662,0.1362647437625753,0.4642857142857143,0.0,1.943,1.849,"4.348,2.405","3.824,5.673"
A,b5e0ebeb-d305-4950-b919-9bbc8fea9607,9,2026-09-03T04:37:00+00:00,POINTS,"0afcfd8d-0965-4364-a90e-c1872c47c12c,23c1639d-675f-4b9a-a331-3ce419306a6a","0fa0a889-795e-4185-8e11-61e0c1f1929b,8e7929b9-007e-42c3-aa3f-003d3f4df78f","3.780,3.744","4.384,3.906","3,2","3,1",10.0,15.0,-0.383,0.3951881217402302,0.4,0.0,0.036,0.478,"3.782,3.746","4.382,3.904"
A,3a78a214-ca47-477b-a512-93a45b0f6681,10,2026-09-03T04:38:00+00:00,POINTS,"1f2d89a9-f3fa-41f6-982c-74b37b29581b,32b0e88b-e994-4b10-bf2e-4086a731c027","8e7929b9-007e-42c3-aa3f-003d3f4df78f,d4acf5d8-317e-4564-8170-8fe09e6aa115","4,4","3.904,3.740","0,0","2,1",11.0,15.0,0.178,0.5492838997915883,0.4230769230769231,0.0,0.0,0.164,"3.944,3.944","3.960,3.796"
A,499be5f8-602c-4641-abc1-b5e7a5fbe4e8,11,2026-09-03T04:38:00+00:00,POINTS,"1f2d89a9-f3fa-41f6-982c-74b37b29581b,32b0e88b-e994-4b10-bf2e-4086a731c027","8e7929b9-007e-42c3-aa3f-003d3f4df78f,d4acf5d8-317e-4564-8170-8fe09e6aa115","3.944,3.944","3.960,3.796","1,1","3,2",11.0,15.0,0.066,0.5183251216999563,0.4230769230769231,0.0,0.0,0.164,"3.902,3.902","4.002,3.838"
A,96c408c2-df56-4284-83da-fa8f0174230f,12,2026-09-03T04:40:00+00:00,POINTS,"1f2d89a9-f3fa-41f6-982c-74b37b29581b,dfda52a3-01e6-4456-b139-f5a74d69cdd3","20067ed8-879d-470d-9fdf-138b78039ac3,9313bcbf-e559-499a-9658-b277050b37ca","3.902,4.251","7.537,5.673","2,2","2,2",15.0,11.0,-2.5285,0.05681594453145136,0.5769230769230769,1.0,0.349,1.864,"4.132,4.481","7.307,5.443"
A,4b747051-fdbe-44eb-9098-1615dbf2bf65,13,2026-09-03T04:42:00+00:00,POINTS,"23c1639d-675f-4b9a-a331-3ce419306a6a,28656f69-2ade-488b-b07a-037fb9bfa311","27f6c2fe-4682-46a5-a2a2-4962a0d9776e,ed66b898-95e9-4f5c-a69c-df19b9c6da3c","3.746,3.824","4.229,3.787","3,2","2,3",15.0,9.0,-0.223,0.43837053910190454,0.625,1.0,0.078,0.442,"3.829,3.907","4.146,3.704"
A,eef05cfd-1a64-496e-aea4-8428df9c3b9b,14,2026-09-03T04:43:00+00:00,POINTS,"20067ed8-879d-470d-9fdf-138b78039ac3,9313bcbf-e559-499a-9658-b277050b37ca","0afcfd8d-0965-4364-a90e-c1872c47c12c,dfda52a3-01e6-4456-b139-f5a74d69cdd3","7.307,5.443","3.782,4.481","3,3","4,3",10.0,15.0,2.2435,0.9236339618722169,0.4,0.0,1.864,0.699,"7.075,5.211","4.014,4.713"
A,6a01d571-bf2d-4b08-ab63-53d3b764ac65,15,2026-09-03T04:44:00+00:00,POINTS,"1f2d89a9-f3fa-41f6-982c-74b37b29581b,33f9b461-e8d9-49f7-b81f-f472e956c93f","32b0e88b-e994-4b10-bf2e-4086a731c027,ed66b898-95e9-4f5c-a69c-df19b9c6da3c","4.132,4.348","3.902,3.704","3,2","2,4",15.0,9.0,0.437,0.6190588773429997,0.625,1.0,0.216,0.198,"4.135,4.351","3.899,3.701"
A,87ba212a-bccc-4be6-92ed-8495c8c0d886,16,2026-09-03T04:46:00+00:00,POINTS,"20067ed8-879d-470d-9fdf-138b78039ac3,23c1639d-675f-4b9a-a331-3ce419306a6a","27f6c2fe-4682-46a5-a2a2-4962a0d9776e,d4acf5d8-317e-4564-8170-8fe09e6aa115","7.075,3.829","4.146,3.838","4,4","3,3",15.0,12.0,1.46,0.8351013734437561,0.5555555555555556,1.0,3.246,0.308,"6.951,3.705","4.270,3.962"
A,9127f50f-f412-4a40-856c-e14097646b7d,17,2026-09-10T02:41:00+00:00,POINTS,"27f6c2fe-4682-46a5-a2a2-4962a0d9776e,28656f69-2ade-488b-b07a-037fb9bfa311","8e7929b9-007e-42c3-aa3f-003d3f4df78f,ed66b898-95e9-4f5c-a69c-df19b9c6da3c","4.270,3.907","4.002,3.701","4,3","4,5",13.0,15.0,0.237,0.5654555217038132,0.4642857142857143,0.0,0.363,0.301,"4.221,3.858","4.051,3.744"
A,fbeddd53-0142-48f1-afa4-8c984b028c2b,18,2026-09-10T02:42:00+00:00,POINTS,"0afcfd8d-0965-4364-a90e-c1872c47c12c,b5146cb1-84e0-4690-a7ae-d6256b33586c","20067ed8-879d-470d-9fdf-138b78039ac3,23c1639d-675f-4b9a-a331-3ce419306a6a","4.014,3.098","6.951,3.705","5,2","5,5",14.0,0.0,-1.772,0.12250828117947783,1.0,1.0,0.916,3.246,"4.364,3.448","6.601,3.355"
A,d782326c-6b6b-48cc-bb4e-4823eb5d1a11,19,2026-09-10T02:45:00+00:00,POINTS,"33f9b461-e8d9-49f7-b81f-f472e956c93f,cb2d6d92-3c1d-453d-aa65-79ca040d61f3","4952b344-b938-4d7f-9799-ddf405dcf72a,dfda52a3-01e6-4456-b139-f5a74d69cdd3","4.351,4","2.176,4.713","3,0","2,4",15.0,3.0,0.731,0.69258284411873,0.8333333333333334,1.0,0.351,2.537,"4.419,4.068","2.108,4.645"
A,4444b26a-6932-440a-864e-029dd40a37d0,20,2026-09-10T02:46:00+00:00,POINTS,"0fa0a889-795e-4185-8e11-61e0c1f1929b,b5146cb1-84e0-4690-a7ae-d6256b33586c","9313bcbf-e559-499a-9658-b277050b37ca,ed66b898-95e9-4f5c-a69c-df19b9c6da3c","4.382,3.448","5.211,3.744","4,3","4,6",9.0,15.0,-0.5625,0.34864513533394575,0.375,0.0,0.934,1.467,"4.395,3.461","5.198,3.733"
A,eba3e49a-f356-41a6-9b31-02e74c37e3dd,21,2026-09-10T02:46:00+00:00,POINTS,"091f312a-207f-4cea-9d57-437a614affde,8e7929b9-007e-42c3-aa3f-003d3f4df78f","27f6c2fe-4682-46a5-a2a2-4962a0d9776e,28656f69-2ade-488b-b07a-037fb9bfa311","3.5,4.051","4.221,3.858","0,5","5,4",13.0,15.0,-0.264,0.42718800842998617,0.4642857142857143,0.0,0.551,0.363,"3.518,4.067","4.205,3.840"
A,42f76a99-1849-4db1-b133-f5f0db458291,22,2026-09-10T02:49:00+00:00,POINTS,"091f312a-207f-4cea-9d57-437a614affde,cb2d6d92-3c1d-453d-aa65-79ca040d61f3","27f6c2fe-4682-46a5-a2a2-4962a0d9776e,d4acf5d8-317e-4564-8170-8fe09e6aa115","3.518,4.068","4.205,3.962","1,1","6,4",15.0,6.0,-0.2905,0.4199989316889874,0.7142857142857143,1.0,0.55,0.243,"3.659,4.209","4.081,3.821"
A,a7d12f06-65d8-4881-9c89-1a96aaf41eec,23,2026-09-10T02:50:00+00:00,POINTS,"0996ee22-e381-45db-90c2-1863869a244e,8e7929b9-007e-42c3-aa3f-003d3f4df78f","28656f69-2ade-488b-b07a-037fb9bfa311,9313bcbf-e559-499a-9658-b277050b37ca","4,4.067","3.840,5.198","0,6","5,5",15.0,10.0,-0.4855,0.36831682810653943,0.6,1.0,0.067,1.358,"4.111,4.165","3.742,5.100"
A,6b1b6b0c-f639-4cde-9dc9-a7993eb52dd0,24,2026-09-10T02:57:00+00:00,POINTS,"091f312a-207f-4cea-9d57-437a614affde,9313bcbf-e559-499a-9658-b277050b37ca","1f2d89a9-f3fa-41f6-982c-74b37b29581b,33f9b461-e8d9-49f7-b81f-f472e956c93f","3.659,5.100","4.135,4.419","2,6","4,4",12.0,15.0,0.1025,0.5284414867496672,0.4444444444444444,0.0,1.441,0.284,"3.619,5.065","4.175,4.459"
A,c9a88ea7-fe59-404d-8266-d011389186e8,25,2026-09-10T02:58:00+00:00,POINTS,"d4acf5d8-317e-4564-8170-8fe09e6aa115,dfda52a3-01e6-4456-b139-f5a74d69cdd3","32b0e88b-e994-4b10-bf2e-4086a731c027,ed66b898-95e9-4f5c-a69c-df19b9c6da3c","3.821,4.645","3.899,3.733","5,5","3,7",15.0,12.0,0.417,0.6138046369498084,0.5555555555555556,1.0,0.824,0.166,"3.796,4.620","3.927,3.758"
A,21bb139e-0201-4ffb-a7de-b50fbf708f58,26,2026-09-10T02:59:00+00:00,POINTS,"9313bcbf-e559-499a-9658-b277050b37ca,cb2d6d92-3c1d-453d-aa65-79ca040d61f3","09db6874-adc0-46f0-82f7-83cd372cc1f5,8e7929b9-007e-42c3-aa3f-003d3f4df78f","5.065,4.209","4,4.165","7,2","0,7",13.0,15.0,0.5545,0.6493335656338158,0.4642857142857143,0.0,0.856,0.165,"4.987,4.120","4.089,4.243"
A,8982d3cf-5276-491f-8ede-8d0417715df0,27,2026-09-14T04:47:00+00:00,POINTS,"09db6874-adc0-46f0-82f7-83cd372cc1f5,8fa5441d-1934-4810-af86-a11ee051e58f","20067ed8-879d-470d-9fdf-138b78039ac3,ed66b898-95e9-4f5c-a69c-df19b9c6da3c","4.089,4","6.601,3.758","1,0","6,8",14.0,14.0,-1.135,0.22078267993101938,0.5,0.5,0.089,2.843,"4.229,4.140","6.478,3.635"
A,db80fefe-8363-444b-9403-b71ecae8b453,28,2026-09-17T04:34:00+00:00,POINTS,"20067ed8-879d-470d-9fdf-138b78039ac3,32b0e88b-e994-4b10-bf2e-4086a731c027","27f6c2fe-4682-46a5-a2a2-4962a0d9776e,d4acf5d8-317e-4564-8170-8fe09e6aa115","6.478,3.927","4.081,3.796","7,4","7,6",15.0,10.0,1.264,0.8028882076818942,0.6,1.0,2.551,0.285,"6.385,3.821","4.174,3.889"
A,08ad6e83-1698-4b9e-8b11-9e80ac10a9b4,29,2026-09-17T04:35:00+00:00,POINTS,"20067ed8-879d-470d-9fdf-138b78039ac3,4952b344-b938-4d7f-9799-ddf405dcf72a","27f6c2fe-4682-46a5-a2a2-4962a0d9776e,28656f69-2ade-488b-b07a-037fb9bfa311","6.385,2.108","4.174,3.742","8,3","8,6",10.0,15.0,0.2885,0.5794596393250087,0.4,0.0,4.277,0.432,"6.303,2.015","4.256,3.824"
A,e20b223e-f0bd-4bea-adb8-40d1c0ba3083,30,2026-09-17T04:37:00+00:00,POINTS,"0afcfd8d-0965-4364-a90e-c1872c47c12c,20067ed8-879d-470d-9fdf-138b78039ac3","27f6c2fe-4682-46a5-a2a2-4962a0d9776e,28656f69-2ade-488b-b07a-037fb9bfa311","4.364,6.303","4.256,3.824","6,9","9,7",15.0,11.0,1.2935,0.8080241280349376,0.5769230769230769,1.0,1.939,0.432,"4.258,6.197","4.362,3.930"
A,46e90da0-e642-4e9c-bc75-17b4b6b5596f,31,2026-09-17T04:38:00+00:00,POINTS,"091f312a-207f-4cea-9d57-437a614affde,9313bcbf-e559-499a-9658-b277050b37ca","0afcfd8d-0965-4364-a90e-c1872c47c12c,0fa0a889-795e-4185-8e11-61e0c1f1929b","3.619,4.987","4.258,4.395","3,8","7,5",12.0,15.0,-0.0235,0.49347259307813907,0.4444444444444444,0.0,1.368,0.137,"3.593,4.965","4.280,4.417"
A,9ccc3f52-a4d5-4b07-9518-34a896671e8a,32,2026-09-17T04:40:00+00:00,POINTS,"8e7929b9-007e-42c3-aa3f-003d3f4df78f,b5146cb1-84e0-4690-a7ae-d6256b33586c","27f6c2fe-4682-46a5-a2a2-4962a0d9776e,28656f69-2ade-488b-b07a-037fb9bfa311","4.243,3.461","4.362,3.930","8,4","10,8",13.0,15.0,-0.294,0.41905189485154154,0.4642857142857143,0.0,0.782,0.432,"4.264,3.485","4.343,3.909"
A,ee391d96-8de4-42ce-a205-c1cdfb456904,33,2026-09-17T04:42:00+00:00,POINTS,"4952b344-b938-4d7f-9799-ddf405dcf72a,9313bcbf-e559-499a-9658-b277050b37ca","32b0e88b-e994-4b10-bf2e-4086a731c027,33f9b461-e8d9-49f7-b81f-f472e956c93f","2.015,4.965","3.821,4.459","4,9","5,5",14.0,14.0,-0.65,0.32690382227776793,0.5,0.5,2.95,0.638,"2.105,5.044","3.742,4.380"
A,f3b149b5-28f9-4362-b063-42dcdfd9af4f,34,2026-09-17T04:43:00+00:00,POINTS,"091f312a-207f-4cea-9d57-437a614affde,0afcfd8d-0965-4364-a90e-c1872c47c12c","0fa0a889-795e-4185-8e11-61e0c1f1929b,27f6c2fe-4682-46a5-a2a2-4962a0d9776e","3.593,4.280","4.417,4.343","4,8","6,11",15.0,6.0,-0.4435,0.37923941286444657,0.7142857142857143,1.0,0.687,0.074,"3.767,4.433","4.264,4.204"
A,582ecfb9-c710-4531-b49d-78ccd3f000f7,35,2026-09-17T04:48:00+00:00,POINTS,"32b0e88b-e994-4b10-bf2e-4086a731c027,9313bcbf-e559-499a-9658-b277050b37ca","28656f69-2ade-488b-b07a-037fb9bfa311,4952b344-b938-4d7f-9799-ddf405dcf72a","3.742,5.044","3.909,2.105","6,10","9,5",15.0,6.0,1.386,0.8234647252208833,0.7142857142857143,1.0,1.302,1.804,"3.692,4.999","3.959,2.155"
A,cc03e92d-6065-4561-9a3c-04717e8c9905,36,2026-09-17T04:50:00+00:00,POINTS,"0fa0a889-795e-4185-8e11-61e0c1f1929b,9313bcbf-e559-499a-9658-b277050b37ca","20067ed8-879d-470d-9fdf-138b78039ac3,ed66b898-95e9-4f5c-a69c-df19b9c6da3c","4.264,4.999","6.197,3.635","7,11","10,9",15.0,10.0,-0.2845,0.4216237911347313,0.6,1.0,0.735,2.562,"4.346,5.073","6.123,3.553"
A,cfbc251b-3ce2-41af-aac8-8943d8f1e396,37,2026-09-17T04:54:00+00:00,POINTS,"0996ee22-e381-45db-90c2-1863869a244e,8e7929b9-007e-42c3-aa3f-003d3f4df78f","32b0e88b-e994-4b10-bf2e-4086a731c027,8fa5441d-1934-4810-af86-a11ee051e58f","4.111,4.264","3.692,4.140","1,9","7,1",12.0,15.0,0.2715,0.5748498966928699,0.4444444444444444,0.0,0.153,0.448,"4.043,4.204","3.752,4.208"
A,eb6641d5-8f9d-4284-9b9f-8d09a46004dd,38,2026-09-17T04:58:00+00:00,POINTS,"0996ee22-e381-45db-90c2-1863869a244e,8e7929b9-007e-42c3-aa3f-003d3f4df78f","09db6874-adc0-46f0-82f7-83cd372cc1f5,ed66b898-95e9-4f5c-a69c-df19b9c6da3c","4.043,4.204","4.229,3.553","2,10","2,10",15.0,9.0,0.2325,0.5642265441739627,0.625,1.0,0.161,0.676,"4.075,4.229","4.197,3.528"
A,22635c77-8955-4f42-846b-ee2b2fb46872,39,2026-09-17T12:38:00+00:00,POINTS,"09db6874-adc0-46f0-82f7-83cd372cc1f5,ed66b898-95e9-4f5c-a69c-df19b9c6da3c","8e7929b9-007e-42c3-aa3f-003d3f4df78f,b5146cb1-84e0-4690-a7ae-d6256b33586c","4.197,3.528","4.229,3.485","3,11","11,5",15.0,11.0,0.0055,0.5015277730231373,0.5769230769230769,1.0,0.669,0.744,"4.236,3.559","4.198,3.450"
A,8b5a8b8c-6a43-4782-8581-0a28f3244d65,40,2026-09-17T12:38:00+00:00,POINTS,"20067ed8-879d-470d-9fdf-138b78039ac3,ed66b898-95e9-4f5c-a69c-df19b9c6da3c","09db6874-adc0-46f0-82f7-83cd372cc1f5,33f9b461-e8d9-49f7-b81f-f472e956c93f","6.123,3.559","4.236,4.380","11,12","4,6",5.0,15.0,0.533,0.643874864060535,0.25,0.0,2.564,0.144,"5.959,3.395","4.441,4.560"
A,8afb7ce5-b3d5-4431-946b-4ddf97e7d426,41,2026-09-17T14:07:00+00:00,POINTS,"20067ed8-879d-470d-9fdf-138b78039ac3,ed66b898-95e9-4f5c-a69c-df19b9c6da3c","091f312a-207f-4cea-9d57-437a614affde,33f9b461-e8d9-49f7-b81f-f472e956c93f","5.959,3.395","3.767,4.560","12,13","5,7",6.0,15.0,0.5135,0.6388913568090608,0.2857142857142857,0.0,2.564,0.793,"5.812,3.248","3.929,4.722"
A,0a2a5bf6-21b9-4da6-bd9b-6594b0296ed5,42,2026-09-18T04:56:00+00:00,POINTS,"091f312a-207f-4cea-9d57-437a614affde,33f9b461-e8d9-49f7-b81f-f472e956c93f","28656f69-2ade-488b-b07a-037fb9bfa311,4952b344-b938-4d7f-9799-ddf405dcf72a","3.929,4.722","3.959,2.155","6,8","10,6",15.0,8.0,1.2685,0.8036783031510961,0.6521739130434783,1.0,0.793,1.804,"3.859,4.652","4.023,2.225"
A,2828359d-f95b-4320-a7db-5184b305dfeb,43,2026-09-18T05:00:00+00:00,POINTS,"32b0e88b-e994-4b10-bf2e-4086a731c027,8fa5441d-1934-4810-af86-a11ee051e58f","091f312a-207f-4cea-9d57-437a614affde,33f9b461-e8d9-49f7-b81f-f472e956c93f","3.752,4.208","3.859,4.652","8,2","7,9",8.0,15.0,-0.2755,0.4240642552396475,0.34782608695652173,0.0,0.456,0.793,"3.717,4.168","3.894,4.687"
A,eb4a38ec-5b27-4a51-bfca-8aea690e14d3,44,2026-09-19T02:48:00+00:00,POINTS,"1f2d89a9-f3fa-41f6-982c-74b37b29581b,33f9b461-e8d9-49f7-b81f-f472e956c93f","0afcfd8d-0965-4364-a90e-c1872c47c12c,dfda52a3-01e6-4456-b139-f5a74d69cdd3","4.175,4.687","4.433,4.620","5,10","9,6",15.0,11.0,-0.0955,0.4734970851709213,0.5769230769230769,1.0,0.512,0.187,"4.223,4.731","4.385,4.572"
A,7c95849f-cb1a-493d-99d3-db6cf7fda568,45,2026-09-19T02:58:00+00:00,POINTS,"0fa0a889-795e-4185-8e11-61e0c1f1929b,b5146cb1-84e0-4690-a7ae-d6256b33586c","0afcfd8d-0965-4364-a90e-c1872c47c12c,4952b344-b938-4d7f-9799-ddf405dcf72a","4.346,3.450","4.385,2.225","8,6","10,7",11.0,15.0,0.593,0.6590107486032802,0.4230769230769231,0.0,0.896,2.16,"4.235,3.339","4.486,2.336"
A,8b58dded-0308-486f-bdc4-5dbf37890e1e,46,2026-09-24T08:37:00+00:00,POINTS,"4952b344-b938-4d7f-9799-ddf405dcf72a,dfda52a3-01e6-4456-b139-f5a74d69cdd3","33f9b461-e8d9-49f7-b81f-f472e956c93f,524889fc-4f50-41bb-b22b-cd5046ba728d","2.336,4.572","4.731,2.405","8,7","11,3",14.0,14.0,-0.114,0.4683756050182314,0.5,0.5,2.236,2.326,"2.352,4.588","4.717,2.387"
A,a6821b7d-e797-42c6-987a-775e3e8fafb5,47,2026-10-01T03:26:00+00:00,POINTS,"09db6874-adc0-46f0-82f7-83cd372cc1f5,28656f69-2ade-488b-b07a-037fb9bfa311","0fa0a889-795e-4185-8e11-61e0c1f1929b,524889fc-4f50-41bb-b22b-cd5046ba728d","4.441,4.023","4.235,2.387","5,11","9,4",15.0,10.0,0.921,0.7356213836357836,0.6,1.0,0.418,1.848,"4.368,3.957","4.308,2.470"
A,936986a8-0666-4578-b38e-1d09c46579b7,48,2026-10-01T03:29:00+00:00,POINTS,"09db6874-adc0-46f0-82f7-83cd372cc1f5,28656f69-2ade-488b-b07a-037fb9bfa311","0996ee22-e381-45db-90c2-1863869a244e,0fa0a889-795e-4185-8e11-61e0c1f1929b","4.368,3.957","4.075,4.308","6,12","3,10",15.0,7.0,-0.029,0.4919451413599687,0.6818181818181818,1.0,0.411,0.233,"4.470,4.050","3.959,4.215"
A,a29529c6-5899-4297-90aa-d390a4823c65,49,2026-10-01T03:33:00+00:00,POINTS,"0996ee22-e381-45db-90c2-1863869a244e,09db6874-adc0-46f0-82f7-83cd372cc1f5","1f2d89a9-f3fa-41f6-982c-74b37b29581b,23c1639d-675f-4b9a-a331-3ce419306a6a","3.959,4.470","4.223,3.355","4,7","6,6",15.0,10.0,0.4255,0.6160410080591076,0.6,1.0,0.511,0.868,"3.949,4.461","4.232,3.364"
A,053f8c34-5e15-4f83-bbaf-75197fd4d045,50,2026-10-01T03:47:00+00:00,POINTS,"09db6874-adc0-46f0-82f7-83cd372cc1f5,28656f69-2ade-488b-b07a-037fb9bfa311","0fa0a889-795e-4185-8e11-61e0c1f1929b,23c1639d-675f-4b9a-a331-3ce419306a6a","4.461,4.050","4.215,3.364","8,13","11,7",10.0,15.0,0.466,0.6266279897849929,0.4,0.0,0.411,0.851,"4.339,3.939","4.326,3.486"
A,e862e4a1-932f-4a47-97f1-d286ab4be13b,51,2026-10-01T06:21:00+00:00,POINTS,"09db6874-adc0-46f0-82f7-83cd372cc1f5,4952b344-b938-4d7f-9799-ddf405dcf72a","0afcfd8d-0965-4364-a90e-c1872c47c12c,e82e0c7f-ec26-4880-a11c-8e93cdb4e9ae","4.339,2.352","4.486,2.5","9,9","11,0",15.0,5.0,-0.1475,0.4591192401370892,0.75,1.0,1.987,1.986,"4.496,2.509","4.344,2.322"
A,6450ccec-a86f-45aa-a4bf-6ae871905ca5,52,2026-10-01T08:41:00+00:00,POINTS,"32b0e88b-e994-4b10-bf2e-4086a731c027,33f9b461-e8d9-49f7-b81f-f472e956c93f","0afcfd8d-0965-4364-a90e-c1872c47c12c,e82e0c7f-ec26-4880-a11c-8e93cdb4e9ae","3.717,4.717","4.344,2.322","9,12","12,1",15.0,8.0,0.884,0.7275489311999984,0.6521739130434783,1.0,1.0,2.022,"3.676,4.680","4.381,2.368"
A,b1c79180-37ca-45a4-9518-abc27a48f51d,53,2026-10-01T12:06:00+00:00,POINTS,"20067ed8-879d-470d-9fdf-138b78039ac3,ed66b898-95e9-4f5c-a69c-df19b9c6da3c","524889fc-4f50-41bb-b22b-cd5046ba728d,9313bcbf-e559-499a-9658-b277050b37ca","5.812,3.248","2.470,5.073","13,14","5,12",15.0,5.0,0.7585,0.6990499253864652,0.75,1.0,2.564,2.603,"5.837,3.273","2.443,5.048"
A,2bc4809f-4961-4e1a-894d-a848b2ae55a6,54,2026-10-01T12:13:00+00:00,POINTS,"27f6c2fe-4682-46a5-a2a2-4962a0d9776e,8e7929b9-007e-42c3-aa3f-003d3f4df78f","0fa0a889-795e-4185-8e11-61e0c1f1929b,28656f69-2ade-488b-b07a-037fb9bfa311","4.204,4.198","4.326,3.939","12,12","12,14",14.0,14.0,0.0685,0.5190185975926167,0.5,0.5,0.006,0.387,"4.195,4.189","4.335,3.948"
A,4383b3be-9fce-4612-a59a-02207116a9e1,55,2026-10-01T12:49:00+00:00,POINTS,"20067ed8-879d-470d-9fdf-138b78039ac3,ed66b898-95e9-4f5c-a69c-df19b9c6da3c","33f9b461-e8d9-49f7-b81f-f472e956c93f,4952b344-b938-4d7f-9799-ddf405dcf72a","5.837,3.273","4.680,2.509","14,15","13,10",15.0,12.0,0.9605,0.7440683004827926,0.5555555555555556,1.0,2.564,2.171,"5.745,3.181","4.772,2.601"
A,b75e356b-24af-4c88-9a4d-7328cb9d74d2,56,2026-10-01T13:12:00+00:00,POINTS,"33f9b461-e8d9-49f7-b81f-f472e956c93f,9313bcbf-e559-499a-9658-b277050b37ca","27f6c2fe-4682-46a5-a2a2-4962a0d9776e,8e7929b9-007e-42c3-aa3f-003d3f4df78f","4.772,5.048","4.195,4.189","14,13","13,13",15.0,12.0,0.718,0.6894989256790478,0.5555555555555556,1.0,0.276,0.006,"4.706,4.982","4.261,4.255"
A,c63169fa-2db0-4892-b92e-7cda41f73bf3,57,2026-10-01T13:28:00+00:00,POINTS,"d4acf5d8-317e-4564-8170-8fe09e6aa115,ed66b898-95e9-4f5c-a69c-df19b9c6da3c","20067ed8-879d-470d-9fdf-138b78039ac3,32b0e88b-e994-4b10-bf2e-4086a731c027","3.889,3.181","5.745,3.676","7,16","15,10",10.0,15.0,-1.1755,0.2131383235563419,0.4,0.0,0.708,2.069,"3.990,3.272","5.654,3.585"
A,cfb52d2a-8e35-42e7-959b-536e6fc4554b,58,2026-10-01T13:57:00+00:00,POINTS,"20067ed8-879d-470d-9fdf-138b78039ac3,ed66b898-95e9-4f5c-a69c-df19b9c6da3c","0afcfd8d-0965-4364-a90e-c1872c47c12c,4952b344-b938-4d7f-9799-ddf405dcf72a","5.654,3.272","4.381,2.601","16,17","13,11",15.0,13.0,0.972,0.7464939833376621,0.5357142857142857,1.0,2.382,1.78,"5.551,3.169","4.484,2.704"
A,48337539-7d04-41d5-a7d8-499c4535f109,59,2026-10-01T14:37:00+00:00,POINTS,"20067ed8-879d-470d-9fdf-138b78039ac3,ed66b898-95e9-4f5c-a69c-df19b9c6da3c","8e7929b9-007e-42c3-aa3f-003d3f4df78f,9313bcbf-e559-499a-9658-b277050b37ca","5.551,3.169","4.255,4.982","17,18","14,14",14.0,14.0,-0.2585,0.42868404865136234,0.5,0.5,2.382,0.727,"5.586,3.204","4.220,4.947"
A,43ad7b90-44f0-4852-9210-18faf1010105,60,2026-10-02T03:39:00+00:00,POINTS,"0fa0a889-795e-4185-8e11-61e0c1f1929b,28656f69-2ade-488b-b07a-037fb9bfa311","27f6c2fe-4682-46a5-a2a2-4962a0d9776e,8e7929b9-007e-42c3-aa3f-003d3f4df78f","4.335,3.948","4.261,4.220","13,15","14,15",15.0,2.0,-0.099,0.4725276956554063,0.8823529411764706,1.0,0.387,0.041,"4.538,4.151","4.058,4.017"
