player_id,alias,initial,current,matches,wins,losses,draws,mean_abs_delta,max_gain,max_loss,delta_sd,last5,last10,range,sign_changes,experience
091f312a-207f-4cea-9d57-437a614affde,P01,3.5,3.894,8,5,3,0,0.08325,0.174,-0.07,0.0906376715279028,0.27499999999999997,0.39399999999999996,0.4289999999999998,4,6-10
0996ee22-e381-45db-90c2-1863869a244e,P02,4,3.949,5,3,2,0,0.0674,0.111,-0.116,0.07874617451025796,-0.05100000000000001,-0.05100000000000001,0.16199999999999992,3,0-5
09db6874-adc0-46f0-82f7-83cd372cc1f5,P03,4,4.496,10,7,2,1,0.0968,0.205,-0.122,0.10140828368530846,0.055,0.496,0.49600000000000044,6,6-10
0afcfd8d-0965-4364-a90e-c1872c47c12c,P04,4,4.484,14,6,7,1,0.11271428571428571,0.35,-0.203,0.14238916205030408,0.05100000000000001,0.702,0.706,8,11-20
0fa0a889-795e-4185-8e11-61e0c1f1929b,P05,4,4.538,14,7,6,1,0.08971428571428572,0.208,-0.153,0.1031120848437094,0.303,0.15600000000000003,0.5380000000000003,8,11-20
1d2861a4-879c-44ca-bc08-552020392e18,P06,3.217,3.217,0,0,0,0,0,0,0,0,0,0,0.0,0,0-5
1f2d89a9-f3fa-41f6-982c-74b37b29581b,P07,4,4.232,7,4,3,0,0.061142857142857145,0.23,-0.056,0.0879162402865503,0.33,0.232,0.33000000000000007,1,6-10
20067ed8-879d-470d-9fdf-138b78039ac3,P08,8,5.586,18,7,9,2,0.14077777777777778,0.035,-0.35,0.09267259506749129,-0.22599999999999998,-0.7989999999999999,2.449,3,11-20
23c1639d-675f-4b9a-a331-3ce419306a6a,P09,4,3.486,8,3,5,0,0.11825,0.122,-0.35,0.1467470187090695,-0.25999999999999995,-0.514,0.645,3,6-10
27f6c2fe-4682-46a5-a2a2-4962a0d9776e,P10,4,4.058,15,4,9,2,0.0936,0.26,-0.203,0.11563498125086928,-0.30400000000000005,-0.16300000000000003,0.39300000000000024,8,11-20
28656f69-2ade-488b-b07a-037fb9bfa311,P11,4,4.151,16,8,6,2,0.0768125,0.203,-0.145,0.09062006452077818,0.128,0.40900000000000003,0.4089999999999998,9,11-20
32b0e88b-e994-4b10-bf2e-4086a731c027,P12,4,3.585,11,5,5,1,0.05372727272727273,0.06,-0.106,0.047482228080315214,-0.157,-0.359,0.41500000000000004,4,11-20
33f9b461-e8d9-49f7-b81f-f472e956c93f,P13,4,4.706,15,11,2,2,0.08253333333333333,0.203,-0.079,0.09039503427856102,0.018999999999999996,0.247,0.7720000000000002,7,11-20
4952b344-b938-4d7f-9799-ddf405dcf72a,P14,2,2.704,12,3,7,2,0.0855,0.157,-0.093,0.07031516352979791,0.479,0.528,0.7040000000000002,2,11-20
524889fc-4f50-41bb-b22b-cd5046ba728d,P15,2,2.443,6,2,3,1,0.08883333333333333,0.26,-0.027,0.10316558965512139,0.443,0.443,0.4700000000000002,3,6-10
665f7e7c-5de9-4c33-b0f3-3e9b4d3eea7c,P16,4,4,0,0,0,0,0,0,0,0,0,0,0,0,0-5
8e7929b9-007e-42c3-aa3f-003d3f4df78f,P17,4,4.017,16,7,7,2,0.0553125,0.098,-0.203,0.07270012787987377,-0.21200000000000002,-0.05,0.3600000000000003,6,11-20
8fa5441d-1934-4810-af86-a11ee051e58f,P18,4,4.168,3,1,1,1,0.08266666666666667,0.14,-0.04,0.07397296803562772,0.168,0.168,0.20800000000000018,1,0-5
9313bcbf-e559-499a-9658-b277050b37ca,P19,5.9,4.947,15,6,7,2,0.08393333333333333,0.079,-0.232,0.08619347745366558,-0.097,-0.251,0.9530000000000003,4,11-20
b5146cb1-84e0-4690-a7ae-d6256b33586c,P20,3.4,3.339,7,1,6,0,0.11928571428571429,0.35,-0.208,0.16403807422643796,0.24099999999999996,-0.06100000000000002,0.387,2,6-10
cb2d6d92-3c1d-453d-aa65-79ca040d61f3,P21,4,4.12,3,2,1,0,0.09933333333333333,0.141,-0.089,0.09596179795453327,0.12,0.12,0.20899999999999963,1,0-5
d4acf5d8-317e-4564-8170-8fe09e6aa115,P22,4,3.99,8,3,5,0,0.10525,0.124,-0.26,0.12610486707498644,0.15200000000000002,-0.009999999999999988,0.2599999999999998,3,6-10
dfda52a3-01e6-4456-b139-f5a74d69cdd3,P23,4,4.588,8,5,2,1,0.10875,0.232,-0.068,0.11980609333418732,0.10700000000000001,0.5880000000000001,0.7130000000000001,2,6-10
e82e0c7f-ec26-4880-a11c-8e93cdb4e9ae,P24,2.5,2.368,2,0,2,0,0.11199999999999999,0.046,-0.178,0.11199999999999999,-0.132,-0.132,0.17799999999999994,1,0-5
ed66b898-95e9-4f5c-a69c-df19b9c6da3c,P25,3.5,3.204,19,8,8,3,0.07210526315789474,0.208,-0.164,0.08960692864979729,-0.04399999999999999,-0.431,0.6179999999999999,12,11-20
