model,match_id,order,played_at,expected,actual,win,gap,team_a_before,team_b_before
A,f252ac4c-d134-4c6a-a68c-8bfb6868a91f,1,2026-09-03T04:21:00+00:00,0.2581597095111632,0.4444444444444444,0.0,-0.95,"4,2","2,5.9"
A,8f4f89bf-f631-40fb-92ea-2e570dff7707,2,2026-09-03T04:23:00+00:00,0.5690013325681905,0.5,0.5,0.25,"4,4","4,3.5"
A,f53ac5f1-4189-4e25-8949-8e6073016eeb,3,2026-09-03T04:24:00+00:00,0.5357721111140789,1.0,1.0,0.129,"4.115,3.543","4,3.4"
A,b4436f08-ef01-4453-990c-c6add342dcda,4,2026-09-03T04:27:00+00:00,0.09568544074275677,0.5555555555555556,1.0,-2.0215,"4,4","4.043,8"
A,a6397938-05cc-4785-9ec8-bb010355c9da,5,2026-09-03T04:29:00+00:00,0.9607924427100696,0.375,0.0,2.879,"7.715,4","3.957,2.000"
A,9a0d536d-702f-4764-b2b8-fc5a69a6b9de,6,2026-09-03T04:30:00+00:00,0.4114976095171093,0.34782608695652173,0.0,-0.322,"3.758,3.713","4.285,3.830"
A,6e504b4c-8034-4fbb-8e80-dc612f3fde9a,7,2026-09-03T04:33:00+00:00,0.5820297027058297,0.4,0.0,0.298,"4,3.113","4.402,2.115"
A,883f6955-cf07-44f4-bf2a-d0eaab7996eb,8,2026-09-03T04:36:00+00:00,0.1510856874731909,0.4642857142857143,0.0,-1.5535,"4.285,2.350","3.957,5.785"
A,b5e0ebeb-d305-4950-b919-9bbc8fea9607,9,2026-09-03T04:37:00+00:00,0.36341892462989994,0.4,0.0,-0.5045,"3.719,3.674","4.515,3.887"
A,3a78a214-ca47-477b-a512-93a45b0f6681,10,2026-09-03T04:38:00+00:00,0.5670929049654543,0.4230769230769231,0.0,0.243,"4,4","3.864,3.650"
A,499be5f8-602c-4641-abc1-b5e7a5fbe4e8,11,2026-09-03T04:38:00+00:00,0.5180477114246167,0.4230769230769231,0.0,0.065,"3.911,3.911","3.953,3.739"
A,96c408c2-df56-4284-83da-fa8f0174230f,12,2026-09-03T04:40:00+00:00,0.06564742033274365,0.5769230769230769,1.0,-2.39,"3.852,4.324","7.365,5.591"
A,4b747051-fdbe-44eb-9098-1615dbf2bf65,13,2026-09-03T04:42:00+00:00,0.40184636955195946,0.625,1.0,-0.358,"3.697,3.763","4.307,3.869"
A,eef05cfd-1a64-496e-aea4-8428df9c3b9b,14,2026-09-03T04:43:00+00:00,0.8993479064358931,0.4,0.0,1.971,"7.049,5.275","3.742,4.640"
A,6a01d571-bf2d-4b08-ab63-53d3b764ac65,15,2026-09-03T04:44:00+00:00,0.6436200455473391,0.625,1.0,0.532,"4.168,4.479","3.852,3.731"
A,87ba212a-bccc-4be6-92ed-8495c8c0d886,16,2026-09-03T04:46:00+00:00,0.8098273740031153,0.5555555555555556,1.0,1.304,"6.740,3.835","4.169,3.798"
A,9127f50f-f412-4a40-856c-e14097646b7d,17,2026-09-10T02:41:00+00:00,0.5651824845691629,0.4642857142857143,0.0,0.236,"4.326,3.901","4.012,3.743"
A,fbeddd53-0142-48f1-afa4-8c984b028c2b,18,2026-09-10T02:42:00+00:00,0.13850321595048556,1.0,1.0,-1.645,"4.039,3.026","6.673,3.682"
A,d782326c-6b6b-48cc-bb4e-4823eb5d1a11,19,2026-09-10T02:45:00+00:00,0.6773602027859257,0.8333333333333334,1.0,0.6675,"4.436,4","2.214,4.887"
A,4444b26a-6932-440a-864e-029dd40a37d0,20,2026-09-10T02:46:00+00:00,0.3672833922248891,0.375,0.0,-0.4895,"4.464,3.376","5.031,3.788"
A,eba3e49a-f356-41a6-9b31-02e74c37e3dd,21,2026-09-10T02:46:00+00:00,0.42773187045853256,0.4642857142857143,0.0,-0.262,"3.5,4.074","4.258,3.840"
A,42f76a99-1849-4db1-b133-f5f0db458291,22,2026-09-10T02:49:00+00:00,0.4220302727545921,0.7142857142857143,1.0,-0.283,"3.523,4.097","4.238,3.948"
A,a7d12f06-65d8-4881-9c89-1a96aaf41eec,23,2026-09-10T02:50:00+00:00,0.39744770056390427,0.6,1.0,-0.3745,"4,4.094","3.817,5.026"
A,6b1b6b0c-f639-4cde-9dc9-a7993eb52dd0,24,2026-09-10T02:57:00+00:00,0.49111204743535686,0.4444444444444444,0.0,-0.032,"3.704,4.916","4.151,4.533"
A,c9a88ea7-fe59-404d-8266-d011389186e8,25,2026-09-10T02:58:00+00:00,0.6225898799347697,0.5555555555555556,1.0,0.4505,"3.767,4.790","3.872,3.784"
A,21bb139e-0201-4ffb-a7de-b50fbf708f58,26,2026-09-10T02:59:00+00:00,0.630907300240259,0.4642857142857143,0.0,0.4825,"4.891,4.278","4,4.204"
A,8982d3cf-5276-491f-8ede-8d0417715df0,27,2026-09-14T04:47:00+00:00,0.24344413447064994,0.5,0.5,-1.0205,"4.103,4","6.323,3.821"
A,db80fefe-8363-444b-9403-b71ecae8b453,28,2026-09-17T04:34:00+00:00,0.7845230858336938,0.6,1.0,1.163,"6.235,3.916","4.081,3.744"
A,08ad6e83-1698-4b9e-8b11-9e80ac10a9b4,29,2026-09-17T04:35:00+00:00,0.5543675322222327,0.4,0.0,0.1965,"6.177,2.116","4.183,3.717"
A,e20b223e-f0bd-4bea-adb8-40d1c0ba3083,30,2026-09-17T04:37:00+00:00,0.7917581040261963,0.5769230769230769,1.0,1.202,"4.379,6.093","4.267,3.801"
A,46e90da0-e642-4e9c-bc75-17b4b6b5596f,31,2026-09-17T04:38:00+00:00,0.47322009602776716,0.4444444444444444,0.0,-0.0965,"3.654,4.860","4.262,4.445"
A,9ccc3f52-a4d5-4b07-9518-34a896671e8a,32,2026-09-17T04:40:00+00:00,0.41526977391345415,0.4642857142857143,0.0,-0.308,"4.278,3.408","4.384,3.918"
A,ee391d96-8de4-42ce-a205-c1cdfb456904,33,2026-09-17T04:42:00+00:00,0.3069442210336421,0.5,0.5,-0.733,"2.020,4.844","3.802,4.528"
A,f3b149b5-28f9-4362-b063-42dcdfd9af4f,34,2026-09-17T04:43:00+00:00,0.37662720164527974,0.7142857142857143,1.0,-0.4535,"3.636,4.278","4.461,4.360"
A,582ecfb9-c710-4531-b49d-78ccd3f000f7,35,2026-09-17T04:48:00+00:00,0.8105109071936243,0.7142857142857143,1.0,1.308,"3.697,4.949","3.891,2.139"
A,cc03e92d-6065-4561-9a3c-04717e8c9905,36,2026-09-17T04:50:00+00:00,0.4367298738702001,0.6,1.0,-0.229,"4.277,4.901","5.976,3.660"
A,cfbc251b-3ce2-41af-aac8-8943d8f1e396,37,2026-09-17T04:54:00+00:00,0.5856742169133002,0.4444444444444444,0.0,0.3115,"4.121,4.305","3.645,4.158"
A,eb6641d5-8f9d-4284-9b9f-8d09a46004dd,38,2026-09-17T04:58:00+00:00,0.5601243320999951,0.625,1.0,0.2175,"4.034,4.228","4.256,3.571"
A,22635c77-8955-4f42-846b-ee2b2fb46872,39,2026-09-17T12:38:00+00:00,0.5079160051782152,0.5769230769230769,1.0,0.0285,"4.216,3.539","4.260,3.438"
A,8b5a8b8c-6a43-4782-8581-0a28f3244d65,40,2026-09-17T12:38:00+00:00,0.6074644781496917,0.25,0.0,0.393,"5.895,3.573","4.259,4.423"
A,8afb7ce5-b3d5-4431-946b-4ddf97e7d426,41,2026-09-17T14:07:00+00:00,0.5894438271033052,0.2857142857142857,0.0,0.3255,"5.718,3.396","3.845,4.618"
A,0a2a5bf6-21b9-4da6-bd9b-6594b0296ed5,42,2026-09-18T04:56:00+00:00,0.8141526471129764,0.6521739130434783,1.0,1.3295,"4.010,4.783","3.943,2.191"
A,2828359d-f95b-4320-a7db-5184b305dfeb,43,2026-09-18T05:00:00+00:00,0.411766710759404,0.34782608695652173,0.0,-0.321,"3.723,4.243","3.917,4.691"
A,eb4a38ec-5b27-4a51-bfca-8aea690e14d3,44,2026-09-19T02:48:00+00:00,0.46436606960407956,0.5769230769230769,1.0,-0.1285,"4.181,4.726","4.460,4.704"
A,7c95849f-cb1a-493d-99d3-db6cf7fda568,45,2026-09-19T02:58:00+00:00,0.6484475542049192,0.4230769230769231,0.0,0.551,"4.364,3.408","4.397,2.273"
A,8b58dded-0308-486f-bdc4-5dbf37890e1e,46,2026-09-24T08:37:00+00:00,0.4703127375950993,0.5,0.5,-0.107,"2.396,4.637","4.779,2.468"
A,a6821b7d-e797-42c6-987a-775e3e8fafb5,47,2026-10-01T03:26:00+00:00,0.7336719810356634,0.6,1.0,0.912,"4.463,4.024","4.240,2.423"
A,936986a8-0666-4578-b38e-1d09c46579b7,48,2026-10-01T03:29:00+00:00,0.4920839948217848,0.6818181818181818,1.0,-0.0285,"4.370,3.957","4.075,4.309"
A,a29529c6-5899-4297-90aa-d390a4823c65,49,2026-10-01T03:33:00+00:00,0.6163037902442268,0.6,1.0,0.4265,"3.958,4.473","4.224,3.354"
A,053f8c34-5e15-4f83-bbaf-75197fd4d045,50,2026-10-01T03:47:00+00:00,0.627277664603879,0.4,0.0,0.4685,"4.464,4.051","4.215,3.363"
A,e862e4a1-932f-4a47-97f1-d286ab4be13b,51,2026-10-01T06:21:00+00:00,0.45939517349074344,0.75,1.0,-0.1465,"4.340,2.354","4.487,2.5"
A,6450ccec-a86f-45aa-a4bf-6ae871905ca5,52,2026-10-01T08:41:00+00:00,0.7279892005767812,0.6521739130434783,1.0,0.886,"3.715,4.720","4.343,2.320"
A,b1c79180-37ca-45a4-9518-abc27a48f51d,53,2026-10-01T12:06:00+00:00,0.6971765864751983,0.75,1.0,0.7505,"5.796,3.248","2.476,5.067"
A,2bc4809f-4961-4e1a-894d-a848b2ae55a6,54,2026-10-01T12:13:00+00:00,0.5190185975926167,0.5,0.5,0.0685,"4.204,4.199","4.328,3.938"
A,4383b3be-9fce-4612-a59a-02207116a9e1,55,2026-10-01T12:49:00+00:00,0.7420530258290835,0.5555555555555556,1.0,0.951,"5.822,3.274","4.682,2.512"
A,b75e356b-24af-4c88-9a4d-7328cb9d74d2,56,2026-10-01T13:12:00+00:00,0.6887848414223503,0.5555555555555556,1.0,0.715,"4.774,5.041","4.195,4.190"
A,c63169fa-2db0-4892-b92e-7cda41f73bf3,57,2026-10-01T13:28:00+00:00,0.21463288358748828,0.4,0.0,-1.1675,"3.887,3.182","5.730,3.674"
A,cfb52d2a-8e35-42e7-959b-536e6fc4554b,58,2026-10-01T13:57:00+00:00,0.7447025527749235,0.5357142857142857,1.0,0.9635,"5.638,3.274","4.381,2.604"
A,48337539-7d04-41d5-a7d8-499c4535f109,59,2026-10-01T14:37:00+00:00,0.42759588852297864,0.5,0.5,-0.2625,"5.535,3.171","4.256,4.975"
A,43ad7b90-44f0-4852-9210-18faf1010105,60,2026-10-02T03:39:00+00:00,0.47266616736108413,0.8823529411764706,1.0,-0.0985,"4.337,3.947","4.261,4.220"
B_K0.35,f252ac4c-d134-4c6a-a68c-8bfb6868a91f,1,2026-09-03T04:21:00+00:00,0.2581597095111632,0.4444444444444444,0.0,-0.95,"4,2","2,5.9"
B_K0.35,8f4f89bf-f631-40fb-92ea-2e570dff7707,2,2026-09-03T04:23:00+00:00,0.5690013325681905,0.5,0.5,0.25,"4,4","4,3.5"
B_K0.35,f53ac5f1-4189-4e25-8949-8e6073016eeb,3,2026-09-03T04:24:00+00:00,0.5277492350545132,1.0,1.0,0.1,"4.073,3.527","4,3.4"
B_K0.35,b4436f08-ef01-4453-990c-c6add342dcda,4,2026-09-03T04:27:00+00:00,0.09645736309676013,0.5555555555555556,1.0,-2.0135,"4,4","4.027,8"
B_K0.35,a6397938-05cc-4785-9ec8-bb010355c9da,5,2026-09-03T04:29:00+00:00,0.9625931780789769,0.375,0.0,2.923,"7.819,4","3.973,2.000"
B_K0.35,9a0d536d-702f-4764-b2b8-fc5a69a6b9de,6,2026-09-03T04:30:00+00:00,0.4675456936126812,0.34782608695652173,0.0,-0.117,"3.846,3.814","4.181,3.713"
B_K0.35,6e504b4c-8034-4fbb-8e80-dc612f3fde9a,7,2026-09-03T04:33:00+00:00,0.6201064323430902,0.4,0.0,0.441,"4,3.214","4.259,2.073"
B_K0.35,883f6955-cf07-44f4-bf2a-d0eaab7996eb,8,2026-09-03T04:36:00+00:00,0.13213383297156941,0.4642857142857143,0.0,-1.694,"4.181,2.231","3.973,5.827"
B_K0.35,b5e0ebeb-d305-4950-b919-9bbc8fea9607,9,2026-09-03T04:37:00+00:00,0.40492152613386595,0.4,0.0,-0.3465,"3.799,3.767","4.346,3.913"
B_K0.35,3a78a214-ca47-477b-a512-93a45b0f6681,10,2026-09-03T04:38:00+00:00,0.5437765148170681,0.4230769230769231,0.0,0.158,"4,4","3.915,3.769"
B_K0.35,499be5f8-602c-4641-abc1-b5e7a5fbe4e8,11,2026-09-03T04:38:00+00:00,0.5172154145247065,0.4230769230769231,0.0,0.062,"3.952,3.952","3.963,3.817"
B_K0.35,96c408c2-df56-4284-83da-fa8f0174230f,12,2026-09-03T04:40:00+00:00,0.05436628442495765,0.5769230769230769,1.0,-2.5705,"3.915,4.228","7.588,5.696"
B_K0.35,4b747051-fdbe-44eb-9098-1615dbf2bf65,13,2026-09-03T04:42:00+00:00,0.45057856447921346,0.625,1.0,-0.1785,"3.765,3.842","4.204,3.760"
B_K0.35,eef05cfd-1a64-496e-aea4-8428df9c3b9b,14,2026-09-03T04:43:00+00:00,0.9294540652861544,0.4,0.0,2.3205,"7.382,5.490","3.797,4.434"
B_K0.35,6a01d571-bf2d-4b08-ab63-53d3b764ac65,15,2026-09-03T04:44:00+00:00,0.6128823746474873,0.625,1.0,0.4135,"4.121,4.312","3.915,3.691"
B_K0.35,87ba212a-bccc-4be6-92ed-8495c8c0d886,16,2026-09-03T04:46:00+00:00,0.842536357098286,0.5555555555555556,1.0,1.5095,"7.174,3.834","4.135,3.854"
B_K0.35,9127f50f-f412-4a40-856c-e14097646b7d,17,2026-09-10T02:41:00+00:00,0.5653190080905198,0.4642857142857143,0.0,0.2365,"4.248,3.911","4.000,3.686"
B_K0.35,fbeddd53-0142-48f1-afa4-8c984b028c2b,18,2026-09-10T02:42:00+00:00,0.1127120393522628,1.0,1.0,-1.857,"4.002,3.146","7.130,3.732"
B_K0.35,d782326c-6b6b-48cc-bb4e-4823eb5d1a11,19,2026-09-10T02:45:00+00:00,0.7026606543447315,0.8333333333333334,1.0,0.774,"4.295,4","2.150,4.597"
B_K0.35,4444b26a-6932-440a-864e-029dd40a37d0,20,2026-09-10T02:46:00+00:00,0.33712981424305444,0.375,0.0,-0.6085,"4.326,3.495","5.326,3.712"
B_K0.35,eba3e49a-f356-41a6-9b31-02e74c37e3dd,21,2026-09-10T02:46:00+00:00,0.42718800842998617,0.4642857142857143,0.0,-0.264,"3.5,4.039","4.194,3.873"
B_K0.35,42f76a99-1849-4db1-b133-f5f0db458291,22,2026-09-10T02:49:00+00:00,0.4194576951793404,0.7142857142857143,1.0,-0.2925,"3.515,4.051","4.181,3.970"
B_K0.35,a7d12f06-65d8-4881-9c89-1a96aaf41eec,23,2026-09-10T02:50:00+00:00,0.3496551095356619,0.6,1.0,-0.5585,"4,4.052","3.858,5.311"
B_K0.35,6b1b6b0c-f639-4cde-9dc9-a7993eb52dd0,24,2026-09-10T02:57:00+00:00,0.553955754719607,0.4444444444444444,0.0,0.195,"3.631,5.224","4.119,4.346"
B_K0.35,c9a88ea7-fe59-404d-8266-d011389186e8,25,2026-09-10T02:58:00+00:00,0.6071995005529359,0.5555555555555556,1.0,0.392,"3.854,4.546","3.917,3.699"
B_K0.35,21bb139e-0201-4ffb-a7de-b50fbf708f58,26,2026-09-10T02:59:00+00:00,0.6624976292082758,0.4642857142857143,0.0,0.607,"5.186,4.167","4,4.139"
B_K0.35,8982d3cf-5276-491f-8ede-8d0417715df0,27,2026-09-14T04:47:00+00:00,0.2029791171371515,0.5,0.5,-1.231,"4.078,4","6.823,3.717"
B_K0.35,db80fefe-8363-444b-9403-b71ecae8b453,28,2026-09-17T04:34:00+00:00,0.8248334778699798,0.6,1.0,1.3945,"6.770,3.941","4.079,3.843"
B_K0.35,08ad6e83-1698-4b9e-8b11-9e80ac10a9b4,29,2026-09-17T04:35:00+00:00,0.6198446480512592,0.4,0.0,0.44,"6.728,2.093","4.156,3.785"
B_K0.35,e20b223e-f0bd-4bea-adb8-40d1c0ba3083,30,2026-09-17T04:37:00+00:00,0.8290470999848679,0.5769230769230769,1.0,1.421,"4.283,6.652","4.232,3.861"
B_K0.35,46e90da0-e642-4e9c-bc75-17b4b6b5596f,31,2026-09-17T04:38:00+00:00,0.5317627258243289,0.4444444444444444,0.0,0.1145,"3.577,5.168","4.196,4.320"
B_K0.35,9ccc3f52-a4d5-4b07-9518-34a896671e8a,32,2026-09-17T04:40:00+00:00,0.42148832083141835,0.4642857142857143,0.0,-0.285,"4.194,3.503","4.319,3.948"
B_K0.35,ee391d96-8de4-42ce-a205-c1cdfb456904,33,2026-09-17T04:42:00+00:00,0.3554884462937054,0.5,0.5,-0.5355,"2.006,5.138","3.852,4.363"
B_K0.35,f3b149b5-28f9-4362-b063-42dcdfd9af4f,34,2026-09-17T04:43:00+00:00,0.37923941286444657,0.7142857142857143,1.0,-0.4435,"3.543,4.226","4.350,4.306"
B_K0.35,582ecfb9-c710-4531-b49d-78ccd3f000f7,35,2026-09-17T04:48:00+00:00,0.8406849560787271,0.7142857142857143,1.0,1.497,"3.802,5.188","3.933,2.063"
B_K0.35,cc03e92d-6065-4561-9a3c-04717e8c9905,36,2026-09-17T04:50:00+00:00,0.3930655401745908,0.6,1.0,-0.391,"4.234,5.148","6.565,3.599"
B_K0.35,cfbc251b-3ce2-41af-aac8-8943d8f1e396,37,2026-09-17T04:54:00+00:00,0.5593028846817047,0.4444444444444444,0.0,0.2145,"4.093,4.209","3.758,4.115"
B_K0.35,eb6641d5-8f9d-4284-9b9f-8d09a46004dd,38,2026-09-17T04:58:00+00:00,0.5691375711288318,0.625,1.0,0.2505,"4.048,4.169","4.189,3.527"
B_K0.35,22635c77-8955-4f42-846b-ee2b2fb46872,39,2026-09-17T12:38:00+00:00,0.49569455086204134,0.5769230769230769,1.0,-0.0155,"4.167,3.509","4.187,3.520"
B_K0.35,8b5a8b8c-6a43-4782-8581-0a28f3244d65,40,2026-09-17T12:38:00+00:00,0.6997507235155392,0.25,0.0,0.7615,"6.500,3.535","4.199,4.313"
B_K0.35,8afb7ce5-b3d5-4431-946b-4ddf97e7d426,41,2026-09-17T14:07:00+00:00,0.7094630755921668,0.2857142857142857,0.0,0.8035,"6.358,3.393","3.675,4.469"
B_K0.35,0a2a5bf6-21b9-4da6-bd9b-6594b0296ed5,42,2026-09-18T04:56:00+00:00,0.7871410601025246,0.6521739130434783,1.0,1.177,"3.822,4.616","3.977,2.107"
B_K0.35,2828359d-f95b-4320-a7db-5184b305dfeb,43,2026-09-18T05:00:00+00:00,0.44796684401338766,0.34782608695652173,0.0,-0.188,"3.800,4.159","3.771,4.564"
B_K0.35,eb4a38ec-5b27-4a51-bfca-8aea690e14d3,44,2026-09-19T02:48:00+00:00,0.4898625005466498,0.5769230769230769,1.0,-0.0365,"4.155,4.599","4.338,4.489"
B_K0.35,7c95849f-cb1a-493d-99d3-db6cf7fda568,45,2026-09-19T02:58:00+00:00,0.6782095067601129,0.4230769230769231,0.0,0.671,"4.304,3.492","4.304,2.150"
B_K0.35,8b58dded-0308-486f-bdc4-5dbf37890e1e,46,2026-09-24T08:37:00+00:00,0.46768399983502923,0.5,0.5,-0.1165,"2.238,4.453","4.622,2.302"
B_K0.35,a6821b7d-e797-42c6-987a-775e3e8fafb5,47,2026-10-01T03:26:00+00:00,0.7409882059257801,0.6,1.0,0.946,"4.357,4.019","4.210,2.274"
B_K0.35,936986a8-0666-4578-b38e-1d09c46579b7,48,2026-10-01T03:29:00+00:00,0.4922228495049003,0.6818181818181818,1.0,-0.028,"4.288,3.974","4.065,4.253"
B_K0.35,a29529c6-5899-4297-90aa-d390a4823c65,49,2026-10-01T03:33:00+00:00,0.58971268902426,0.6,1.0,0.3265,"3.990,4.354","4.166,3.525"
B_K0.35,053f8c34-5e15-4f83-bbaf-75197fd4d045,50,2026-10-01T03:47:00+00:00,0.5930688925645541,0.4,0.0,0.339,"4.358,4.034","4.193,3.521"
B_K0.35,e862e4a1-932f-4a47-97f1-d286ab4be13b,51,2026-10-01T06:21:00+00:00,0.4537437552191641,0.75,1.0,-0.167,"4.291,2.212","4.337,2.5"
B_K0.35,6450ccec-a86f-45aa-a4bf-6ae871905ca5,52,2026-10-01T08:41:00+00:00,0.7227879866312246,0.6521739130434783,1.0,0.8625,"3.790,4.562","4.244,2.383"
B_K0.35,b1c79180-37ca-45a4-9518-abc27a48f51d,53,2026-10-01T12:06:00+00:00,0.764648000343933,0.75,1.0,1.0605,"6.447,3.272","2.309,5.289"
B_K0.35,2bc4809f-4961-4e1a-894d-a848b2ae55a6,54,2026-10-01T12:13:00+00:00,0.5148567365030993,0.5,0.5,0.0535,"4.190,4.144","4.254,3.973"
B_K0.35,4383b3be-9fce-4612-a59a-02207116a9e1,55,2026-10-01T12:49:00+00:00,0.8299898817356898,0.5555555555555556,1.0,1.427,"6.442,3.267","4.540,2.315"
B_K0.35,b75e356b-24af-4c88-9a4d-7328cb9d74d2,56,2026-10-01T13:12:00+00:00,0.7082018109108575,0.5555555555555556,1.0,0.798,"4.626,5.294","4.185,4.139"
B_K0.35,c63169fa-2db0-4892-b92e-7cda41f73bf3,57,2026-10-01T13:28:00+00:00,0.15909194771428195,0.4,0.0,-1.4985,"3.944,3.181","6.356,3.766"
B_K0.35,cfb52d2a-8e35-42e7-959b-536e6fc4554b,58,2026-10-01T13:57:00+00:00,0.8312404867541525,0.5357142857142857,1.0,1.435,"6.280,3.257","4.266,2.401"
B_K0.35,48337539-7d04-41d5-a7d8-499c4535f109,59,2026-10-01T14:37:00+00:00,0.4886130803240675,0.5,0.5,-0.041,"6.187,3.164","4.187,5.246"
B_K0.35,43ad7b90-44f0-4852-9210-18faf1010105,60,2026-10-02T03:39:00+00:00,0.4751593566846708,0.8823529411764706,1.0,-0.0895,"4.259,3.978","4.233,4.183"
B_K0.75,f252ac4c-d134-4c6a-a68c-8bfb6868a91f,1,2026-09-03T04:21:00+00:00,0.2581597095111632,0.4444444444444444,0.0,-0.95,"4,2","2,5.9"
B_K0.75,8f4f89bf-f631-40fb-92ea-2e570dff7707,2,2026-09-03T04:23:00+00:00,0.5690013325681905,0.5,0.5,0.25,"4,4","4,3.5"
B_K0.75,f53ac5f1-4189-4e25-8949-8e6073016eeb,3,2026-09-03T04:24:00+00:00,0.5436386872370789,1.0,1.0,0.1575,"4.157,3.558","4,3.4"
B_K0.75,b4436f08-ef01-4453-990c-c6add342dcda,4,2026-09-03T04:27:00+00:00,0.09496678511630739,0.5555555555555556,1.0,-2.029,"4,4","4.058,8"
B_K0.75,a6397938-05cc-4785-9ec8-bb010355c9da,5,2026-09-03T04:29:00+00:00,0.959732546502517,0.375,0.0,2.854,"7.650,4","3.942,2.000"
B_K0.75,9a0d536d-702f-4764-b2b8-fc5a69a6b9de,6,2026-09-03T04:30:00+00:00,0.37754066879814546,0.34782608695652173,0.0,-0.45,"3.708,3.650","4.350,3.908"
B_K0.75,6e504b4c-8034-4fbb-8e80-dc612f3fde9a,7,2026-09-03T04:33:00+00:00,0.5534066029313025,0.4,0.0,0.193,"4,3.050","4.507,2.157"
B_K0.75,883f6955-cf07-44f4-bf2a-d0eaab7996eb,8,2026-09-03T04:36:00+00:00,0.15998585400177473,0.4642857142857143,0.0,-1.4925,"4.350,2.350","3.942,5.743"
B_K0.75,b5e0ebeb-d305-4950-b919-9bbc8fea9607,9,2026-09-03T04:37:00+00:00,0.33936817423708077,0.4,0.0,-0.5995,"3.683,3.625","4.636,3.871"
B_K0.75,3a78a214-ca47-477b-a512-93a45b0f6681,10,2026-09-03T04:38:00+00:00,0.573083856674093,0.4230769230769231,0.0,0.265,"4,4","3.820,3.650"
B_K0.75,499be5f8-602c-4641-abc1-b5e7a5fbe4e8,11,2026-09-03T04:38:00+00:00,0.5030555175188581,0.4230769230769231,0.0,0.011,"3.873,3.873","3.947,3.777"
B_K0.75,96c408c2-df56-4284-83da-fa8f0174230f,12,2026-09-03T04:40:00+00:00,0.07186863552510747,0.5769230769230769,1.0,-2.3025,"3.806,4.375","7.300,5.486"
B_K0.75,4b747051-fdbe-44eb-9098-1615dbf2bf65,13,2026-09-03T04:42:00+00:00,0.382252125230751,0.625,1.0,-0.432,"3.676,3.685","4.292,3.933"
B_K0.75,eef05cfd-1a64-496e-aea4-8428df9c3b9b,14,2026-09-03T04:43:00+00:00,0.8823630078749229,0.4,0.0,1.8135,"6.950,5.136","3.734,4.725"
B_K0.75,6a01d571-bf2d-4b08-ab63-53d3b764ac65,15,2026-09-03T04:44:00+00:00,0.664358386372301,0.625,1.0,0.6145,"4.156,4.607","3.806,3.728"
B_K0.75,87ba212a-bccc-4be6-92ed-8495c8c0d886,16,2026-09-03T04:46:00+00:00,0.8048153229861598,0.5555555555555556,1.0,1.275,"6.600,3.881","4.087,3.844"
B_K0.75,9127f50f-f412-4a40-856c-e14097646b7d,17,2026-09-10T02:41:00+00:00,0.5569737008735869,0.4642857142857143,0.0,0.206,"4.297,3.890","4.014,3.761"
B_K0.75,fbeddd53-0142-48f1-afa4-8c984b028c2b,18,2026-09-10T02:42:00+00:00,0.15366880314073458,1.0,1.0,-1.5355,"4.077,2.928","6.408,3.668"
B_K0.75,d782326c-6b6b-48cc-bb4e-4823eb5d1a11,19,2026-09-10T02:45:00+00:00,0.66324254009937,0.8333333333333334,1.0,0.61,"4.560,4","2.267,5.073"
B_K0.75,4444b26a-6932-440a-864e-029dd40a37d0,20,2026-09-10T02:46:00+00:00,0.3900214102178581,0.375,0.0,-0.4025,"4.571,3.278","4.817,3.837"
B_K0.75,eba3e49a-f356-41a6-9b31-02e74c37e3dd,21,2026-09-10T02:46:00+00:00,0.43837053910190454,0.4642857142857143,0.0,-0.223,"3.5,4.092","4.222,3.816"
B_K0.75,42f76a99-1849-4db1-b133-f5f0db458291,22,2026-09-10T02:49:00+00:00,0.4228435524443183,0.7142857142857143,1.0,-0.28,"3.522,4.144","4.203,4.023"
B_K0.75,a7d12f06-65d8-4881-9c89-1a96aaf41eec,23,2026-09-10T02:50:00+00:00,0.4292283881055083,0.6,1.0,-0.2565,"4,4.111","3.794,4.830"
B_K0.75,6b1b6b0c-f639-4cde-9dc9-a7993eb52dd0,24,2026-09-10T02:57:00+00:00,0.44824162937248146,0.4444444444444444,0.0,-0.187,"3.768,4.703","4.141,4.704"
B_K0.75,c9a88ea7-fe59-404d-8266-d011389186e8,25,2026-09-10T02:58:00+00:00,0.6368380870180179,0.5555555555555556,1.0,0.5055,"3.777,4.929","3.847,3.848"
B_K0.75,21bb139e-0201-4ffb-a7de-b50fbf708f58,26,2026-09-10T02:59:00+00:00,0.6161724076316778,0.4642857142857143,0.0,0.426,"4.700,4.390","4,4.238"
B_K0.75,8982d3cf-5276-491f-8ede-8d0417715df0,27,2026-09-14T04:47:00+00:00,0.2648110260719305,0.5,0.5,-0.919,"4.128,4","6.058,3.908"
B_K0.75,db80fefe-8363-444b-9403-b71ecae8b453,28,2026-09-17T04:34:00+00:00,0.7620386279187046,0.6,1.0,1.0475,"5.899,3.916","4.004,3.716"
B_K0.75,08ad6e83-1698-4b9e-8b11-9e80ac10a9b4,29,2026-09-17T04:35:00+00:00,0.5143016533446292,0.4,0.0,0.0515,"5.801,2.119","4.137,3.680"
B_K0.75,e20b223e-f0bd-4bea-adb8-40d1c0ba3083,30,2026-09-17T04:37:00+00:00,0.7683270640380011,0.5769230769230769,1.0,1.079,"4.429,5.716","4.222,3.765"
B_K0.75,46e90da0-e642-4e9c-bc75-17b4b6b5596f,31,2026-09-17T04:38:00+00:00,0.4367298738702001,0.4444444444444444,0.0,-0.229,"3.742,4.623","4.287,4.536"
B_K0.75,9ccc3f52-a4d5-4b07-9518-34a896671e8a,32,2026-09-17T04:40:00+00:00,0.41109405692467477,0.4642857142857143,0.0,-0.3235,"4.332,3.292","4.364,3.907"
B_K0.75,ee391d96-8de4-42ce-a205-c1cdfb456904,33,2026-09-17T04:42:00+00:00,0.26948791603393507,0.5,0.5,-0.8975,"2.023,4.629","3.778,4.669"
B_K0.75,f3b149b5-28f9-4362-b063-42dcdfd9af4f,34,2026-09-17T04:43:00+00:00,0.38698582386066455,0.7142857142857143,1.0,-0.414,"3.749,4.281","4.530,4.328"
B_K0.75,582ecfb9-c710-4531-b49d-78ccd3f000f7,35,2026-09-17T04:48:00+00:00,0.7841471891774854,0.7142857142857143,1.0,1.161,"3.607,4.800","3.868,2.217"
B_K0.75,cc03e92d-6065-4561-9a3c-04717e8c9905,36,2026-09-17T04:50:00+00:00,0.46464244743279326,0.6,1.0,-0.1275,"4.287,4.753","5.574,3.721"
B_K0.75,cfbc251b-3ce2-41af-aac8-8943d8f1e396,37,2026-09-17T04:54:00+00:00,0.603749098399739,0.4444444444444444,0.0,0.379,"4.136,4.371","3.555,4.194"
B_K0.75,eb6641d5-8f9d-4284-9b9f-8d09a46004dd,38,2026-09-17T04:58:00+00:00,0.5446033387890858,0.625,1.0,0.161,"4.002,4.253","4.313,3.620"
B_K0.75,22635c77-8955-4f42-846b-ee2b2fb46872,39,2026-09-17T12:38:00+00:00,0.5231778211538459,0.5769230769230769,1.0,0.0835,"4.245,3.566","4.307,3.337"
B_K0.75,8b5a8b8c-6a43-4782-8581-0a28f3244d65,40,2026-09-17T12:38:00+00:00,0.5411566681502281,0.25,0.0,0.1485,"5.483,3.602","4.290,4.498"
B_K0.75,8afb7ce5-b3d5-4431-946b-4ddf97e7d426,41,2026-09-17T14:07:00+00:00,0.4933337283669705,0.2857142857142857,0.0,-0.024,"5.286,3.405","4.025,4.714"
B_K0.75,0a2a5bf6-21b9-4da6-bd9b-6594b0296ed5,42,2026-09-18T04:56:00+00:00,0.8303032222262112,0.6521739130434783,1.0,1.429,"4.179,4.868","3.920,2.269"
B_K0.75,2828359d-f95b-4320-a7db-5184b305dfeb,43,2026-09-18T05:00:00+00:00,0.3941263315682394,0.34782608695652173,0.0,-0.387,"3.676,4.324","4.041,4.733"
B_K0.75,eb4a38ec-5b27-4a51-bfca-8aea690e14d3,44,2026-09-19T02:48:00+00:00,0.4375500357204019,0.5769230769230769,1.0,-0.226,"4.170,4.767","4.521,4.868"
B_K0.75,7c95849f-cb1a-493d-99d3-db6cf7fda568,45,2026-09-19T02:58:00+00:00,0.6202372982992057,0.4230769230769231,0.0,0.4415,"4.387,3.304","4.414,2.394"
B_K0.75,8b58dded-0308-486f-bdc4-5dbf37890e1e,46,2026-09-24T08:37:00+00:00,0.48264586256701125,0.5,0.5,-0.0625,"2.540,4.762","4.860,2.567"
B_K0.75,a6821b7d-e797-42c6-987a-775e3e8fafb5,47,2026-10-01T03:26:00+00:00,0.7284290240611522,0.6,1.0,0.888,"4.522,4.034","4.241,2.539"
B_K0.75,936986a8-0666-4578-b38e-1d09c46579b7,48,2026-10-01T03:29:00+00:00,0.49236170538790297,0.6818181818181818,1.0,-0.0275,"4.412,3.942","4.072,4.337"
B_K0.75,a29529c6-5899-4297-90aa-d390a4823c65,49,2026-10-01T03:33:00+00:00,0.6194518409152426,0.6,1.0,0.4385,"3.912,4.553","4.260,3.328"
B_K0.75,053f8c34-5e15-4f83-bbaf-75197fd4d045,50,2026-10-01T03:47:00+00:00,0.6428551024433516,0.4,0.0,0.529,"4.539,4.070","4.209,3.342"
B_K0.75,e862e4a1-932f-4a47-97f1-d286ab4be13b,51,2026-10-01T06:21:00+00:00,0.47474373575063217,0.75,1.0,-0.091,"4.359,2.492","4.533,2.5"
B_K0.75,6450ccec-a86f-45aa-a4bf-6ae871905ca5,52,2026-10-01T08:41:00+00:00,0.7371312511859256,0.6521739130434783,1.0,0.928,"3.662,4.809","4.347,2.268"
B_K0.75,b1c79180-37ca-45a4-9518-abc27a48f51d,53,2026-10-01T12:06:00+00:00,0.6436200455473391,0.75,1.0,0.532,"5.352,3.253","2.630,4.911"
B_K0.75,2bc4809f-4961-4e1a-894d-a848b2ae55a6,54,2026-10-01T12:13:00+00:00,0.5191572840642293,0.5,0.5,0.069,"4.167,4.250","4.373,3.906"
B_K0.75,4383b3be-9fce-4612-a59a-02207116a9e1,55,2026-10-01T12:49:00+00:00,0.6732184091387922,0.5555555555555556,1.0,0.6505,"5.424,3.325","4.752,2.696"
B_K0.75,b75e356b-24af-4c88-9a4d-7328cb9d74d2,56,2026-10-01T13:12:00+00:00,0.67052390565499,0.5555555555555556,1.0,0.6395,"4.831,4.839","4.154,4.237"
B_K0.75,c63169fa-2db0-4892-b92e-7cda41f73bf3,57,2026-10-01T13:28:00+00:00,0.26136444044385315,0.4,0.0,-0.935,"3.828,3.246","5.345,3.599"
B_K0.75,cfb52d2a-8e35-42e7-959b-536e6fc4554b,58,2026-10-01T13:57:00+00:00,0.6866372020652691,0.5357142857142857,1.0,0.706,"5.251,3.340","4.404,2.775"
B_K0.75,48337539-7d04-41d5-a7d8-499c4535f109,59,2026-10-01T14:37:00+00:00,0.40545710592661083,0.5,0.5,-0.3445,"5.149,3.238","4.315,4.761"
B_K0.75,43ad7b90-44f0-4852-9210-18faf1010105,60,2026-10-02T03:39:00+00:00,0.47529790467225225,0.8823529411764706,1.0,-0.089,"4.386,3.919","4.232,4.251"
C_P1.5_N5,f252ac4c-d134-4c6a-a68c-8bfb6868a91f,1,2026-09-03T04:21:00+00:00,0.2581597095111632,0.4444444444444444,0.0,-0.95,"4,2","2,5.9"
C_P1.5_N5,8f4f89bf-f631-40fb-92ea-2e570dff7707,2,2026-09-03T04:23:00+00:00,0.5690013325681905,0.5,0.5,0.25,"4,4","4,3.5"
C_P1.5_N5,f53ac5f1-4189-4e25-8949-8e6073016eeb,3,2026-09-03T04:24:00+00:00,0.5400528852707431,1.0,1.0,0.1445,"4.138,3.551","4,3.4"
C_P1.5_N5,b4436f08-ef01-4453-990c-c6add342dcda,4,2026-09-03T04:27:00+00:00,0.09530155459061365,0.5555555555555556,1.0,-2.0255,"4,4","4.051,8"
C_P1.5_N5,a6397938-05cc-4785-9ec8-bb010355c9da,5,2026-09-03T04:29:00+00:00,0.9597540110118277,0.375,0.0,2.8545,"7.658,4","3.949,2.000"
C_P1.5_N5,9a0d536d-702f-4764-b2b8-fc5a69a6b9de,6,2026-09-03T04:30:00+00:00,0.3817275172988207,0.34782608695652173,0.0,-0.434,"3.709,3.658","4.342,3.893"
C_P1.5_N5,6e504b4c-8034-4fbb-8e80-dc612f3fde9a,7,2026-09-03T04:33:00+00:00,0.5608086203330965,0.4,0.0,0.22,"4,3.058","4.480,2.138"
C_P1.5_N5,883f6955-cf07-44f4-bf2a-d0eaab7996eb,8,2026-09-03T04:36:00+00:00,0.15746364290171402,0.4642857142857143,0.0,-1.5095,"4.342,2.350","3.949,5.762"
C_P1.5_N5,b5e0ebeb-d305-4950-b919-9bbc8fea9607,9,2026-09-03T04:37:00+00:00,0.343866423868488,0.4,0.0,-0.5815,"3.684,3.633","4.599,3.881"
C_P1.5_N5,3a78a214-ca47-477b-a512-93a45b0f6681,10,2026-09-03T04:38:00+00:00,0.5704993778720655,0.4230769230769231,0.0,0.2555,"4,4","3.839,3.650"
C_P1.5_N5,499be5f8-602c-4641-abc1-b5e7a5fbe4e8,11,2026-09-03T04:38:00+00:00,0.5104151598873647,0.4230769230769231,0.0,0.0375,"3.891,3.891","3.948,3.759"
C_P1.5_N5,96c408c2-df56-4284-83da-fa8f0174230f,12,2026-09-03T04:40:00+00:00,0.07025507166600631,0.5769230769230769,1.0,-2.3245,"3.826,4.367","7.308,5.534"
C_P1.5_N5,4b747051-fdbe-44eb-9098-1615dbf2bf65,13,2026-09-03T04:42:00+00:00,0.3879087808766555,0.625,1.0,-0.4105,"3.675,3.721","4.299,3.918"
C_P1.5_N5,eef05cfd-1a64-496e-aea4-8428df9c3b9b,14,2026-09-03T04:43:00+00:00,0.8864518667810222,0.4,0.0,1.8495,"6.958,5.184","3.726,4.717"
C_P1.5_N5,6a01d571-bf2d-4b08-ab63-53d3b764ac65,15,2026-09-03T04:44:00+00:00,0.6580113080101136,0.625,1.0,0.589,"4.176,4.570","3.826,3.742"
C_P1.5_N5,87ba212a-bccc-4be6-92ed-8495c8c0d886,16,2026-09-03T04:46:00+00:00,0.8014776750373234,0.5555555555555556,1.0,1.256,"6.608,3.851","4.123,3.824"
C_P1.5_N5,9127f50f-f412-4a40-856c-e14097646b7d,17,2026-09-10T02:41:00+00:00,0.5584811124381613,0.4642857142857143,0.0,0.2115,"4.306,3.897","4.013,3.767"
C_P1.5_N5,fbeddd53-0142-48f1-afa4-8c984b028c2b,18,2026-09-10T02:42:00+00:00,0.15030355382186786,1.0,1.0,-1.559,"4.067,2.967","6.481,3.671"
C_P1.5_N5,d782326c-6b6b-48cc-bb4e-4823eb5d1a11,19,2026-09-10T02:45:00+00:00,0.6646061036872724,0.8333333333333334,1.0,0.6155,"4.508,4","2.245,5.032"
C_P1.5_N5,4444b26a-6932-440a-864e-029dd40a37d0,20,2026-09-10T02:46:00+00:00,0.3854055017324505,0.375,0.0,-0.42,"4.529,3.317","4.876,3.810"
C_P1.5_N5,eba3e49a-f356-41a6-9b31-02e74c37e3dd,21,2026-09-10T02:46:00+00:00,0.43304348819388017,0.4642857142857143,0.0,-0.2425,"3.5,4.085","4.243,3.827"
C_P1.5_N5,42f76a99-1849-4db1-b133-f5f0db458291,22,2026-09-10T02:49:00+00:00,0.4228435524443183,0.7142857142857143,1.0,-0.28,"3.523,4.125","4.226,3.982"
C_P1.5_N5,a7d12f06-65d8-4881-9c89-1a96aaf41eec,23,2026-09-10T02:50:00+00:00,0.41932241627089806,0.6,1.0,-0.293,"4,4.102","3.804,4.884"
C_P1.5_N5,6b1b6b0c-f639-4cde-9dc9-a7993eb52dd0,24,2026-09-10T02:57:00+00:00,0.4618796740944075,0.4444444444444444,0.0,-0.1375,"3.739,4.786","4.167,4.633"
C_P1.5_N5,c9a88ea7-fe59-404d-8266-d011389186e8,25,2026-09-10T02:58:00+00:00,0.6354235592583607,0.5555555555555556,1.0,0.5,"3.766,4.907","3.857,3.816"
C_P1.5_N5,21bb139e-0201-4ffb-a7de-b50fbf708f58,26,2026-09-10T02:59:00+00:00,0.6248064744684293,0.4642857142857143,0.0,0.459,"4.777,4.341","4,4.200"
C_P1.5_N5,8982d3cf-5276-491f-8ede-8d0417715df0,27,2026-09-14T04:47:00+00:00,0.2612572029582569,0.5,0.5,-0.9355,"4.119,4","6.131,3.859"
C_P1.5_N5,db80fefe-8363-444b-9403-b71ecae8b453,28,2026-09-17T04:34:00+00:00,0.7681292266452086,0.6,1.0,1.078,"6.047,3.913","4.081,3.723"
C_P1.5_N5,08ad6e83-1698-4b9e-8b11-9e80ac10a9b4,29,2026-09-17T04:35:00+00:00,0.5295488608666751,0.4,0.0,0.1065,"5.991,2.119","4.184,3.713"
C_P1.5_N5,e20b223e-f0bd-4bea-adb8-40d1c0ba3083,30,2026-09-17T04:37:00+00:00,0.7806476311296627,0.5769230769230769,1.0,1.1425,"4.404,5.920","4.255,3.784"
C_P1.5_N5,46e90da0-e642-4e9c-bc75-17b4b6b5596f,31,2026-09-17T04:38:00+00:00,0.4536060585613232,0.4444444444444444,0.0,-0.1675,"3.701,4.755","4.293,4.498"
C_P1.5_N5,9ccc3f52-a4d5-4b07-9518-34a896671e8a,32,2026-09-17T04:40:00+00:00,0.4119012811783098,0.4642857142857143,0.0,-0.3205,"4.278,3.342","4.366,3.895"
C_P1.5_N5,ee391d96-8de4-42ce-a205-c1cdfb456904,33,2026-09-17T04:42:00+00:00,0.28882221722986035,0.5,0.5,-0.811,"2.023,4.750","3.787,4.608"
C_P1.5_N5,f3b149b5-28f9-4362-b063-42dcdfd9af4f,34,2026-09-17T04:43:00+00:00,0.3839589919408924,0.7142857142857143,1.0,-0.4255,"3.694,4.298","4.503,4.340"
C_P1.5_N5,582ecfb9-c710-4531-b49d-78ccd3f000f7,35,2026-09-17T04:48:00+00:00,0.799614846686077,0.7142857142857143,1.0,1.2455,"3.672,4.865","3.866,2.180"
C_P1.5_N5,cc03e92d-6065-4561-9a3c-04717e8c9905,36,2026-09-17T04:50:00+00:00,0.4490661744362773,0.6,1.0,-0.184,"4.323,4.823","5.809,3.705"
C_P1.5_N5,cfbc251b-3ce2-41af-aac8-8943d8f1e396,37,2026-09-17T04:54:00+00:00,0.5874256695030062,0.4444444444444444,0.0,0.318,"4.131,4.307","3.626,4.176"
C_P1.5_N5,eb6641d5-8f9d-4284-9b9f-8d09a46004dd,38,2026-09-17T04:58:00+00:00,0.5473576181430893,0.625,1.0,0.171,"4.025,4.229","4.289,3.623"
C_P1.5_N5,22635c77-8955-4f42-846b-ee2b2fb46872,39,2026-09-17T12:38:00+00:00,0.5233164098038501,0.5769230769230769,1.0,0.084,"4.231,3.585","4.267,3.381"
C_P1.5_N5,8b5a8b8c-6a43-4782-8581-0a28f3244d65,40,2026-09-17T12:38:00+00:00,0.5801363955312803,0.25,0.0,0.291,"5.734,3.612","4.271,4.493"
C_P1.5_N5,8afb7ce5-b3d5-4431-946b-4ddf97e7d426,41,2026-09-17T14:07:00+00:00,0.55642528944941,0.2857142857142857,0.0,0.204,"5.571,3.449","3.939,4.673"
C_P1.5_N5,0a2a5bf6-21b9-4da6-bd9b-6594b0296ed5,42,2026-09-18T04:56:00+00:00,0.8231414472638009,0.6521739130434783,1.0,1.384,"4.086,4.820","3.912,2.226"
C_P1.5_N5,2828359d-f95b-4320-a7db-5184b305dfeb,43,2026-09-18T05:00:00+00:00,0.40037835217088885,0.34782608695652173,0.0,-0.3635,"3.704,4.280","3.988,4.723"
C_P1.5_N5,eb4a38ec-5b27-4a51-bfca-8aea690e14d3,44,2026-09-19T02:48:00+00:00,0.45112875250344986,0.5769230769230769,1.0,-0.1765,"4.181,4.752","4.476,4.810"
C_P1.5_N5,7c95849f-cb1a-493d-99d3-db6cf7fda568,45,2026-09-19T02:58:00+00:00,0.6414508160798176,0.4230769230769231,0.0,0.5235,"4.403,3.360","4.405,2.311"
C_P1.5_N5,8b58dded-0308-486f-bdc4-5dbf37890e1e,46,2026-09-24T08:37:00+00:00,0.4734970851709213,0.5,0.5,-0.0955,"2.430,4.735","4.813,2.543"
C_P1.5_N5,a6821b7d-e797-42c6-987a-775e3e8fafb5,47,2026-10-01T03:26:00+00:00,0.7212268910069962,0.6,1.0,0.8555,"4.502,3.994","4.281,2.504"
C_P1.5_N5,936986a8-0666-4578-b38e-1d09c46579b7,48,2026-10-01T03:29:00+00:00,0.4895848401126353,0.6818181818181818,1.0,-0.0375,"4.418,3.935","4.083,4.345"
C_P1.5_N5,a29529c6-5899-4297-90aa-d390a4823c65,49,2026-10-01T03:33:00+00:00,0.6212835951910678,0.6,1.0,0.4455,"3.940,4.523","4.236,3.336"
C_P1.5_N5,053f8c34-5e15-4f83-bbaf-75197fd4d045,50,2026-10-01T03:47:00+00:00,0.6280566680370974,0.4,0.0,0.4715,"4.511,4.030","4.250,3.348"
C_P1.5_N5,e862e4a1-932f-4a47-97f1-d286ab4be13b,51,2026-10-01T06:21:00+00:00,0.46962079880478963,0.75,1.0,-0.1095,"4.387,2.387","4.493,2.5"
C_P1.5_N5,6450ccec-a86f-45aa-a4bf-6ae871905ca5,52,2026-10-01T08:41:00+00:00,0.7319315115690669,0.6521739130434783,1.0,0.904,"3.698,4.756","4.354,2.292"
C_P1.5_N5,b1c79180-37ca-45a4-9518-abc27a48f51d,53,2026-10-01T12:06:00+00:00,0.6884274619192737,0.75,1.0,0.7135,"5.662,3.306","2.559,4.982"
C_P1.5_N5,2bc4809f-4961-4e1a-894d-a848b2ae55a6,54,2026-10-01T12:13:00+00:00,0.5191572840642293,0.5,0.5,0.069,"4.205,4.213","4.363,3.917"
C_P1.5_N5,4383b3be-9fce-4612-a59a-02207116a9e1,55,2026-10-01T12:49:00+00:00,0.7278791750190226,0.5555555555555556,1.0,0.8855,"5.692,3.336","4.717,2.540"
C_P1.5_N5,b75e356b-24af-4c88-9a4d-7328cb9d74d2,56,2026-10-01T13:12:00+00:00,0.6796627173495752,0.5555555555555556,1.0,0.677,"4.802,4.952","4.196,4.204"
C_P1.5_N5,c63169fa-2db0-4892-b92e-7cda41f73bf3,57,2026-10-01T13:28:00+00:00,0.23029137721584195,0.4,0.0,-1.086,"3.839,3.251","5.607,3.655"
C_P1.5_N5,cfb52d2a-8e35-42e7-959b-536e6fc4554b,58,2026-10-01T13:57:00+00:00,0.735405235332759,0.5357142857142857,1.0,0.92,"5.523,3.335","4.393,2.625"
C_P1.5_N5,48337539-7d04-41d5-a7d8-499c4535f109,59,2026-10-01T14:37:00+00:00,0.43154372593165363,0.5,0.5,-0.248,"5.424,3.236","4.265,4.891"
C_P1.5_N5,43ad7b90-44f0-4852-9210-18faf1010105,60,2026-10-02T03:39:00+00:00,0.4736355858707912,0.8823529411764706,1.0,-0.095,"4.372,3.926","4.257,4.231"
C_P1.5_N10,f252ac4c-d134-4c6a-a68c-8bfb6868a91f,1,2026-09-03T04:21:00+00:00,0.2581597095111632,0.4444444444444444,0.0,-0.95,"4,2","2,5.9"
C_P1.5_N10,8f4f89bf-f631-40fb-92ea-2e570dff7707,2,2026-09-03T04:23:00+00:00,0.5690013325681905,0.5,0.5,0.25,"4,4","4,3.5"
C_P1.5_N10,f53ac5f1-4189-4e25-8949-8e6073016eeb,3,2026-09-03T04:24:00+00:00,0.5400528852707431,1.0,1.0,0.1445,"4.138,3.551","4,3.4"
C_P1.5_N10,b4436f08-ef01-4453-990c-c6add342dcda,4,2026-09-03T04:27:00+00:00,0.09530155459061365,0.5555555555555556,1.0,-2.0255,"4,4","4.051,8"
C_P1.5_N10,a6397938-05cc-4785-9ec8-bb010355c9da,5,2026-09-03T04:29:00+00:00,0.9597540110118277,0.375,0.0,2.8545,"7.658,4","3.949,2.000"
C_P1.5_N10,9a0d536d-702f-4764-b2b8-fc5a69a6b9de,6,2026-09-03T04:30:00+00:00,0.3817275172988207,0.34782608695652173,0.0,-0.434,"3.709,3.658","4.342,3.893"
C_P1.5_N10,6e504b4c-8034-4fbb-8e80-dc612f3fde9a,7,2026-09-03T04:33:00+00:00,0.5608086203330965,0.4,0.0,0.22,"4,3.058","4.480,2.138"
C_P1.5_N10,883f6955-cf07-44f4-bf2a-d0eaab7996eb,8,2026-09-03T04:36:00+00:00,0.15746364290171402,0.4642857142857143,0.0,-1.5095,"4.342,2.350","3.949,5.762"
C_P1.5_N10,b5e0ebeb-d305-4950-b919-9bbc8fea9607,9,2026-09-03T04:37:00+00:00,0.343866423868488,0.4,0.0,-0.5815,"3.684,3.633","4.599,3.881"
C_P1.5_N10,3a78a214-ca47-477b-a512-93a45b0f6681,10,2026-09-03T04:38:00+00:00,0.5704993778720655,0.4230769230769231,0.0,0.2555,"4,4","3.839,3.650"
C_P1.5_N10,499be5f8-602c-4641-abc1-b5e7a5fbe4e8,11,2026-09-03T04:38:00+00:00,0.5104151598873647,0.4230769230769231,0.0,0.0375,"3.891,3.891","3.948,3.759"
C_P1.5_N10,96c408c2-df56-4284-83da-fa8f0174230f,12,2026-09-03T04:40:00+00:00,0.07025507166600631,0.5769230769230769,1.0,-2.3245,"3.826,4.367","7.308,5.534"
C_P1.5_N10,4b747051-fdbe-44eb-9098-1615dbf2bf65,13,2026-09-03T04:42:00+00:00,0.3879087808766555,0.625,1.0,-0.4105,"3.675,3.721","4.299,3.918"
C_P1.5_N10,eef05cfd-1a64-496e-aea4-8428df9c3b9b,14,2026-09-03T04:43:00+00:00,0.8864518667810222,0.4,0.0,1.8495,"6.958,5.184","3.726,4.717"
C_P1.5_N10,6a01d571-bf2d-4b08-ab63-53d3b764ac65,15,2026-09-03T04:44:00+00:00,0.6580113080101136,0.625,1.0,0.589,"4.176,4.570","3.826,3.742"
C_P1.5_N10,87ba212a-bccc-4be6-92ed-8495c8c0d886,16,2026-09-03T04:46:00+00:00,0.8014776750373234,0.5555555555555556,1.0,1.256,"6.608,3.851","4.123,3.824"
C_P1.5_N10,9127f50f-f412-4a40-856c-e14097646b7d,17,2026-09-10T02:41:00+00:00,0.5584811124381613,0.4642857142857143,0.0,0.2115,"4.306,3.897","4.013,3.767"
C_P1.5_N10,fbeddd53-0142-48f1-afa4-8c984b028c2b,18,2026-09-10T02:42:00+00:00,0.15030355382186786,1.0,1.0,-1.559,"4.067,2.967","6.481,3.671"
C_P1.5_N10,d782326c-6b6b-48cc-bb4e-4823eb5d1a11,19,2026-09-10T02:45:00+00:00,0.6646061036872724,0.8333333333333334,1.0,0.6155,"4.508,4","2.245,5.032"
C_P1.5_N10,4444b26a-6932-440a-864e-029dd40a37d0,20,2026-09-10T02:46:00+00:00,0.38290827119156806,0.375,0.0,-0.4295,"4.529,3.317","4.876,3.829"
C_P1.5_N10,eba3e49a-f356-41a6-9b31-02e74c37e3dd,21,2026-09-10T02:46:00+00:00,0.43304348819388017,0.4642857142857143,0.0,-0.2425,"3.5,4.085","4.243,3.827"
C_P1.5_N10,42f76a99-1849-4db1-b133-f5f0db458291,22,2026-09-10T02:49:00+00:00,0.42365725057308623,0.7142857142857143,1.0,-0.277,"3.523,4.125","4.220,3.982"
C_P1.5_N10,a7d12f06-65d8-4881-9c89-1a96aaf41eec,23,2026-09-10T02:50:00+00:00,0.42040498545133326,0.6,1.0,-0.289,"4,4.108","3.804,4.882"
C_P1.5_N10,6b1b6b0c-f639-4cde-9dc9-a7993eb52dd0,24,2026-09-10T02:57:00+00:00,0.4567748355181423,0.4444444444444444,0.0,-0.156,"3.739,4.749","4.167,4.633"
C_P1.5_N10,c9a88ea7-fe59-404d-8266-d011389186e8,25,2026-09-10T02:58:00+00:00,0.6329747766804606,0.5555555555555556,1.0,0.4905,"3.766,4.907","3.857,3.835"
C_P1.5_N10,21bb139e-0201-4ffb-a7de-b50fbf708f58,26,2026-09-10T02:59:00+00:00,0.6145944982675495,0.4642857142857143,0.0,0.42,"4.740,4.341","4,4.241"
C_P1.5_N10,8982d3cf-5276-491f-8ede-8d0417715df0,27,2026-09-14T04:47:00+00:00,0.2569910813826329,0.5,0.5,-0.9555,"4.112,4","6.131,3.892"
C_P1.5_N10,db80fefe-8363-444b-9403-b71ecae8b453,28,2026-09-17T04:34:00+00:00,0.7701022916952567,0.6,1.0,1.088,"5.996,3.912","4.021,3.711"
C_P1.5_N10,08ad6e83-1698-4b9e-8b11-9e80ac10a9b4,29,2026-09-17T04:35:00+00:00,0.5256718501947802,0.4,0.0,0.0925,"5.906,2.119","4.161,3.679"
C_P1.5_N10,e20b223e-f0bd-4bea-adb8-40d1c0ba3083,30,2026-09-17T04:37:00+00:00,0.7715743427402878,0.5769230769230769,1.0,1.0955,"4.404,5.813","4.254,3.772"
C_P1.5_N10,46e90da0-e642-4e9c-bc75-17b4b6b5596f,31,2026-09-17T04:38:00+00:00,0.4500284972909097,0.4444444444444444,0.0,-0.1805,"3.704,4.694","4.259,4.500"
C_P1.5_N10,9ccc3f52-a4d5-4b07-9518-34a896671e8a,32,2026-09-17T04:40:00+00:00,0.41324770679369205,0.4642857142857143,0.0,-0.3155,"4.341,3.344","4.399,3.917"
C_P1.5_N10,ee391d96-8de4-42ce-a205-c1cdfb456904,33,2026-09-17T04:42:00+00:00,0.2831501892231822,0.5,0.5,-0.836,"2.026,4.690","3.784,4.604"
C_P1.5_N10,f3b149b5-28f9-4362-b063-42dcdfd9af4f,34,2026-09-17T04:43:00+00:00,0.3755843123021939,0.7142857142857143,1.0,-0.4575,"3.700,4.263","4.504,4.374"
C_P1.5_N10,582ecfb9-c710-4531-b49d-78ccd3f000f7,35,2026-09-17T04:48:00+00:00,0.7921242602748084,0.7142857142857143,1.0,1.204,"3.623,4.851","3.879,2.187"
C_P1.5_N10,cc03e92d-6065-4561-9a3c-04717e8c9905,36,2026-09-17T04:50:00+00:00,0.4600851154444343,0.6,1.0,-0.144,"4.253,4.812","5.668,3.685"
C_P1.5_N10,cfbc251b-3ce2-41af-aac8-8943d8f1e396,37,2026-09-17T04:54:00+00:00,0.6046790847140093,0.4444444444444444,0.0,0.3825,"4.130,4.379","3.565,4.179"
C_P1.5_N10,eb6641d5-8f9d-4284-9b9f-8d09a46004dd,38,2026-09-17T04:58:00+00:00,0.5560138905446199,0.625,1.0,0.2025,"4.011,4.260","4.285,3.581"
C_P1.5_N10,22635c77-8955-4f42-846b-ee2b2fb46872,39,2026-09-17T12:38:00+00:00,0.5145791994197905,0.5769230769230769,1.0,0.0525,"4.234,3.547","4.294,3.382"
C_P1.5_N10,8b5a8b8c-6a43-4782-8581-0a28f3244d65,40,2026-09-17T12:38:00+00:00,0.5627233897254147,0.25,0.0,0.227,"5.599,3.578","4.280,4.443"
C_P1.5_N10,8afb7ce5-b3d5-4431-946b-4ddf97e7d426,41,2026-09-17T14:07:00+00:00,0.533422309120122,0.2857142857142857,0.0,0.1205,"5.444,3.423","3.951,4.675"
C_P1.5_N10,0a2a5bf6-21b9-4da6-bd9b-6594b0296ed5,42,2026-09-18T04:56:00+00:00,0.8266719961803584,0.6521739130434783,1.0,1.406,"4.135,4.859","3.937,2.245"
C_P1.5_N10,2828359d-f95b-4320-a7db-5184b305dfeb,43,2026-09-18T05:00:00+00:00,0.39744770056390427,0.34782608695652173,0.0,-0.3745,"3.685,4.294","4.000,4.728"
C_P1.5_N10,eb4a38ec-5b27-4a51-bfca-8aea690e14d3,44,2026-09-19T02:48:00+00:00,0.4492036259584894,0.5769230769230769,1.0,-0.1835,"4.178,4.765","4.512,4.798"
C_P1.5_N10,7c95849f-cb1a-493d-99d3-db6cf7fda568,45,2026-09-19T02:58:00+00:00,0.6246762302499722,0.4230769230769231,0.0,0.4585,"4.356,3.343","4.416,2.366"
C_P1.5_N10,8b58dded-0308-486f-bdc4-5dbf37890e1e,46,2026-09-24T08:37:00+00:00,0.47820825814171813,0.5,0.5,-0.0785,"2.516,4.698","4.828,2.543"
C_P1.5_N10,a6821b7d-e797-42c6-987a-775e3e8fafb5,47,2026-10-01T03:26:00+00:00,0.7316043722316897,0.6,1.0,0.9025,"4.498,4.022","4.208,2.507"
C_P1.5_N10,936986a8-0666-4578-b38e-1d09c46579b7,48,2026-10-01T03:29:00+00:00,0.4950001666600003,0.6818181818181818,1.0,-0.018,"4.383,3.959","4.067,4.311"
C_P1.5_N10,a29529c6-5899-4297-90aa-d390a4823c65,49,2026-10-01T03:33:00+00:00,0.617354238547342,0.6,1.0,0.4305,"3.928,4.522","4.253,3.336"
C_P1.5_N10,053f8c34-5e15-4f83-bbaf-75197fd4d045,50,2026-10-01T03:47:00+00:00,0.6343933388399132,0.4,0.0,0.496,"4.509,4.051","4.219,3.349"
C_P1.5_N10,e862e4a1-932f-4a47-97f1-d286ab4be13b,51,2026-10-01T06:21:00+00:00,0.4725276956554063,0.75,1.0,-0.099,"4.335,2.468","4.501,2.5"
C_P1.5_N10,6450ccec-a86f-45aa-a4bf-6ae871905ca5,52,2026-10-01T08:41:00+00:00,0.7310585786300049,0.6521739130434783,1.0,0.9,"3.673,4.785","4.364,2.294"
C_P1.5_N10,b1c79180-37ca-45a4-9518-abc27a48f51d,53,2026-10-01T12:06:00+00:00,0.6752927343945618,0.75,1.0,0.659,"5.553,3.288","2.569,4.954"
C_P1.5_N10,2bc4809f-4961-4e1a-894d-a848b2ae55a6,54,2026-10-01T12:13:00+00:00,0.5285799240485893,0.5,0.5,0.103,"4.236,4.240","4.335,3.935"
C_P1.5_N10,4383b3be-9fce-4612-a59a-02207116a9e1,55,2026-10-01T12:49:00+00:00,0.6964723863087987,0.5555555555555556,1.0,0.7475,"5.590,3.325","4.746,2.674"
C_P1.5_N10,b75e356b-24af-4c88-9a4d-7328cb9d74d2,56,2026-10-01T13:12:00+00:00,0.6712598919546608,0.5555555555555556,1.0,0.6425,"4.816,4.917","4.222,4.226"
C_P1.5_N10,c63169fa-2db0-4892-b92e-7cda41f73bf3,57,2026-10-01T13:28:00+00:00,0.24580524201703643,0.4,0.0,-1.009,"3.861,3.255","5.520,3.614"
C_P1.5_N10,cfb52d2a-8e35-42e7-959b-536e6fc4554b,58,2026-10-01T13:57:00+00:00,0.7118619803257619,0.5357142857142857,1.0,0.814,"5.444,3.331","4.403,2.744"
C_P1.5_N10,48337539-7d04-41d5-a7d8-499c4535f109,59,2026-10-01T14:37:00+00:00,0.4252858853348799,0.5,0.5,-0.271,"5.357,3.244","4.283,4.860"
C_P1.5_N10,43ad7b90-44f0-4852-9210-18faf1010105,60,2026-10-02T03:39:00+00:00,0.46851394072157615,0.8823529411764706,1.0,-0.1135,"4.349,3.949","4.279,4.246"
C_P2_N5,f252ac4c-d134-4c6a-a68c-8bfb6868a91f,1,2026-09-03T04:21:00+00:00,0.2581597095111632,0.4444444444444444,0.0,-0.95,"4,2","2,5.9"
C_P2_N5,8f4f89bf-f631-40fb-92ea-2e570dff7707,2,2026-09-03T04:23:00+00:00,0.5690013325681905,0.5,0.5,0.25,"4,4","4,3.5"
C_P2_N5,f53ac5f1-4189-4e25-8949-8e6073016eeb,3,2026-09-03T04:24:00+00:00,0.5487336817644345,1.0,1.0,0.176,"4.184,3.568","4,3.4"
C_P2_N5,b4436f08-ef01-4453-990c-c6add342dcda,4,2026-09-03T04:27:00+00:00,0.0944903689501593,0.5555555555555556,1.0,-2.034,"4,4","4.068,8"
C_P2_N5,a6397938-05cc-4785-9ec8-bb010355c9da,5,2026-09-03T04:29:00+00:00,0.9599466989120125,0.375,0.0,2.859,"7.650,4","3.932,2.000"
C_P2_N5,9a0d536d-702f-4764-b2b8-fc5a69a6b9de,6,2026-09-03T04:30:00+00:00,0.37754066879814546,0.34782608695652173,0.0,-0.45,"3.718,3.650","4.350,3.918"
C_P2_N5,6e504b4c-8034-4fbb-8e80-dc612f3fde9a,7,2026-09-03T04:33:00+00:00,0.5459808302542146,0.4,0.0,0.166,"4,3.050","4.534,2.184"
C_P2_N5,883f6955-cf07-44f4-bf2a-d0eaab7996eb,8,2026-09-03T04:36:00+00:00,0.16276766758012481,0.4642857142857143,0.0,-1.474,"4.350,2.350","3.932,5.716"
C_P2_N5,b5e0ebeb-d305-4950-b919-9bbc8fea9607,9,2026-09-03T04:37:00+00:00,0.33626130259564735,0.4,0.0,-0.612,"3.689,3.621","4.679,3.855"
C_P2_N5,3a78a214-ca47-477b-a512-93a45b0f6681,10,2026-09-03T04:38:00+00:00,0.5768852611320463,0.4230769230769231,0.0,0.279,"4,4","3.792,3.650"
C_P2_N5,499be5f8-602c-4641-abc1-b5e7a5fbe4e8,11,2026-09-03T04:38:00+00:00,0.4930560020517393,0.4230769230769231,0.0,-0.025,"3.848,3.848","3.944,3.802"
C_P2_N5,96c408c2-df56-4284-83da-fa8f0174230f,12,2026-09-03T04:40:00+00:00,0.07359204366056575,0.5769230769230769,1.0,-2.2795,"3.779,4.379","7.300,5.417"
C_P2_N5,4b747051-fdbe-44eb-9098-1615dbf2bf65,13,2026-09-03T04:42:00+00:00,0.37597526117307534,0.625,1.0,-0.456,"3.684,3.633","4.282,3.947"
C_P2_N5,eef05cfd-1a64-496e-aea4-8428df9c3b9b,14,2026-09-03T04:43:00+00:00,0.8770131388874925,0.4,0.0,1.768,"6.950,5.067","3.752,4.729"
C_P2_N5,6a01d571-bf2d-4b08-ab63-53d3b764ac65,15,2026-09-03T04:44:00+00:00,0.6729739227947551,0.625,1.0,0.6495,"4.129,4.649","3.779,3.700"
C_P2_N5,87ba212a-bccc-4be6-92ed-8495c8c0d886,16,2026-09-03T04:46:00+00:00,0.8112776300997288,0.5555555555555556,1.0,1.3125,"6.600,3.931","4.035,3.871"
C_P2_N5,9127f50f-f412-4a40-856c-e14097646b7d,17,2026-09-10T02:41:00+00:00,0.55642528944941,0.4642857142857143,0.0,0.204,"4.288,3.880","4.013,3.747"
C_P2_N5,fbeddd53-0142-48f1-afa4-8c984b028c2b,18,2026-09-10T02:42:00+00:00,0.15606830756364884,1.0,1.0,-1.519,"4.093,2.913","6.370,3.674"
C_P2_N5,d782326c-6b6b-48cc-bb4e-4823eb5d1a11,19,2026-09-10T02:45:00+00:00,0.6611298642595631,0.8333333333333334,1.0,0.6015,"4.587,4","2.307,5.077"
C_P2_N5,4444b26a-6932-440a-864e-029dd40a37d0,20,2026-09-10T02:46:00+00:00,0.4045199897162517,0.375,0.0,-0.348,"4.600,3.263","4.753,3.806"
C_P2_N5,eba3e49a-f356-41a6-9b31-02e74c37e3dd,21,2026-09-10T02:46:00+00:00,0.44604424528039294,0.4642857142857143,0.0,-0.195,"3.5,4.105","4.202,3.793"
C_P2_N5,42f76a99-1849-4db1-b133-f5f0db458291,22,2026-09-10T02:49:00+00:00,0.4185109981414458,0.7142857142857143,1.0,-0.296,"3.518,4.170","4.192,4.088"
C_P2_N5,a7d12f06-65d8-4881-9c89-1a96aaf41eec,23,2026-09-10T02:50:00+00:00,0.43891772894908954,0.6,1.0,-0.221,"4,4.115","3.775,4.782"
C_P2_N5,6b1b6b0c-f639-4cde-9dc9-a7993eb52dd0,24,2026-09-10T02:57:00+00:00,0.4509911942411411,0.4444444444444444,0.0,-0.177,"3.811,4.694","4.102,4.757"
C_P2_N5,c9a88ea7-fe59-404d-8266-d011389186e8,25,2026-09-10T02:58:00+00:00,0.641578579184551,0.5555555555555556,1.0,0.524,"3.795,4.907","3.832,3.822"
C_P2_N5,21bb139e-0201-4ffb-a7de-b50fbf708f58,26,2026-09-10T02:59:00+00:00,0.6289646649499732,0.4642857142857143,0.0,0.475,"4.690,4.463","4,4.203"
C_P2_N5,8982d3cf-5276-491f-8ede-8d0417715df0,27,2026-09-14T04:47:00+00:00,0.2771007129735148,0.5,0.5,-0.863,"4.163,4","6.020,3.869"
C_P2_N5,db80fefe-8363-444b-9403-b71ecae8b453,28,2026-09-17T04:34:00+00:00,0.7562487691417005,0.6,1.0,1.019,"5.910,3.917","4.044,3.745"
C_P2_N5,08ad6e83-1698-4b9e-8b11-9e80ac10a9b4,29,2026-09-17T04:35:00+00:00,0.5174928576663897,0.4,0.0,0.063,"5.836,2.130","4.139,3.701"
C_P2_N5,e20b223e-f0bd-4bea-adb8-40d1c0ba3083,30,2026-09-17T04:37:00+00:00,0.7761436961808821,0.5769230769230769,1.0,1.119,"4.434,5.772","4.203,3.765"
C_P2_N5,46e90da0-e642-4e9c-bc75-17b4b6b5596f,31,2026-09-17T04:38:00+00:00,0.4350905921177677,0.4444444444444444,0.0,-0.235,"3.781,4.638","4.326,4.563"
C_P2_N5,9ccc3f52-a4d5-4b07-9518-34a896671e8a,32,2026-09-17T04:40:00+00:00,0.4096153909809026,0.4642857142857143,0.0,-0.329,"4.277,3.249","4.311,3.873"
C_P2_N5,ee391d96-8de4-42ce-a205-c1cdfb456904,33,2026-09-17T04:42:00+00:00,0.2643786163642165,0.5,0.5,-0.921,"2.014,4.643","3.762,4.737"
C_P2_N5,f3b149b5-28f9-4362-b063-42dcdfd9af4f,34,2026-09-17T04:43:00+00:00,0.399844969299714,0.7142857142857143,1.0,-0.3655,"3.790,4.321","4.558,4.284"
C_P2_N5,582ecfb9-c710-4531-b49d-78ccd3f000f7,35,2026-09-17T04:48:00+00:00,0.783488227052508,0.7142857142857143,1.0,1.1575,"3.634,4.771","3.843,2.247"
C_P2_N5,cc03e92d-6065-4561-9a3c-04717e8c9905,36,2026-09-17T04:50:00+00:00,0.46049915422909404,0.6,1.0,-0.1425,"4.387,4.737","5.664,3.745"
C_P2_N5,cfbc251b-3ce2-41af-aac8-8943d8f1e396,37,2026-09-17T04:54:00+00:00,0.5889059430753253,0.4444444444444444,0.0,0.3235,"4.152,4.307","3.596,4.216"
C_P2_N5,eb6641d5-8f9d-4284-9b9f-8d09a46004dd,38,2026-09-17T04:58:00+00:00,0.5278876940164096,0.625,1.0,0.1005,"4.009,4.228","4.367,3.669"
C_P2_N5,22635c77-8955-4f42-846b-ee2b2fb46872,39,2026-09-17T12:38:00+00:00,0.5433630120486854,0.5769230769230769,1.0,0.1565,"4.271,3.621","4.276,3.303"
C_P2_N5,8b5a8b8c-6a43-4782-8581-0a28f3244d65,40,2026-09-17T12:38:00+00:00,0.5443277578907745,0.25,0.0,0.16,"5.595,3.638","4.304,4.609"
C_P2_N5,8afb7ce5-b3d5-4431-946b-4ddf97e7d426,41,2026-09-17T14:07:00+00:00,0.5098598327641937,0.2857142857142857,0.0,0.0355,"5.449,3.492","4.101,4.769"
C_P2_N5,0a2a5bf6-21b9-4da6-bd9b-6594b0296ed5,42,2026-09-18T04:56:00+00:00,0.8372323324198752,0.6521739130434783,1.0,1.474,"4.223,4.891","3.881,2.285"
C_P2_N5,2828359d-f95b-4320-a7db-5184b305dfeb,43,2026-09-18T05:00:00+00:00,0.3810721451998097,0.34782608695652173,0.0,-0.4365,"3.676,4.355","4.116,4.788"
C_P2_N5,eb4a38ec-5b27-4a51-bfca-8aea690e14d3,44,2026-09-19T02:48:00+00:00,0.4409710035237054,0.5769230769230769,1.0,-0.2135,"4.134,4.806","4.489,4.878"
C_P2_N5,7c95849f-cb1a-493d-99d3-db6cf7fda568,45,2026-09-19T02:58:00+00:00,0.6301307511770018,0.4230769230769231,0.0,0.4795,"4.463,3.288","4.415,2.377"
C_P2_N5,8b58dded-0308-486f-bdc4-5dbf37890e1e,46,2026-09-24T08:37:00+00:00,0.4755750120344309,0.5,0.5,-0.088,"2.490,4.806","4.871,2.601"
C_P2_N5,a6821b7d-e797-42c6-987a-775e3e8fafb5,47,2026-10-01T03:26:00+00:00,0.7101496796289899,0.6,1.0,0.8065,"4.566,3.969","4.357,2.565"
C_P2_N5,936986a8-0666-4578-b38e-1d09c46579b7,48,2026-10-01T03:29:00+00:00,0.48320077003610856,0.6818181818181818,1.0,-0.0605,"4.483,3.907","4.100,4.411"
C_P2_N5,a29529c6-5899-4297-90aa-d390a4823c65,49,2026-10-01T03:33:00+00:00,0.6275374060624975,0.6,1.0,0.4695,"3.903,4.591","4.235,3.320"
C_P2_N5,053f8c34-5e15-4f83-bbaf-75197fd4d045,50,2026-10-01T03:47:00+00:00,0.6267579613895167,0.4,0.0,0.4665,"4.576,4.005","4.313,3.335"
C_P2_N5,e862e4a1-932f-4a47-97f1-d286ab4be13b,51,2026-10-01T06:21:00+00:00,0.4838944624772045,0.75,1.0,-0.058,"4.453,2.439","4.508,2.5"
C_P2_N5,6450ccec-a86f-45aa-a4bf-6ae871905ca5,52,2026-10-01T08:41:00+00:00,0.7415209730665622,0.6521739130434783,1.0,0.9485,"3.685,4.825","4.376,2.237"
C_P2_N5,b1c79180-37ca-45a4-9518-abc27a48f51d,53,2026-10-01T12:06:00+00:00,0.6811124509463098,0.75,1.0,0.683,"5.459,3.403","2.659,4.837"
C_P2_N5,2bc4809f-4961-4e1a-894d-a848b2ae55a6,54,2026-10-01T12:13:00+00:00,0.5108316384355474,0.5,0.5,0.039,"4.163,4.233","4.425,3.893"
C_P2_N5,4383b3be-9fce-4612-a59a-02207116a9e1,55,2026-10-01T12:49:00+00:00,0.7046300852953119,0.5555555555555556,1.0,0.7825,"5.493,3.437","4.781,2.584"
C_P2_N5,b75e356b-24af-4c88-9a4d-7328cb9d74d2,56,2026-10-01T13:12:00+00:00,0.669664197077775,0.5555555555555556,1.0,0.636,"4.855,4.803","4.158,4.228"
C_P2_N5,c63169fa-2db0-4892-b92e-7cda41f73bf3,57,2026-10-01T13:28:00+00:00,0.25965205674924435,0.4,0.0,-0.943,"3.806,3.363","5.419,3.636"
C_P2_N5,cfb52d2a-8e35-42e7-959b-536e6fc4554b,58,2026-10-01T13:57:00+00:00,0.7204443239304575,0.5357142857142857,1.0,0.852,"5.350,3.432","4.420,2.658"
C_P2_N5,48337539-7d04-41d5-a7d8-499c4535f109,59,2026-10-01T14:37:00+00:00,0.44042326320463815,0.5,0.5,-0.2155,"5.259,3.341","4.284,4.747"
C_P2_N5,43ad7b90-44f0-4852-9210-18faf1010105,60,2026-10-02T03:39:00+00:00,0.4804266743183435,0.8823529411764706,1.0,-0.0705,"4.430,3.898","4.214,4.255"
D_S0.6,f252ac4c-d134-4c6a-a68c-8bfb6868a91f,1,2026-09-03T04:21:00+00:00,0.17032391864384583,0.4444444444444444,0.0,-0.95,"4,2","2,5.9"
D_S0.6,8f4f89bf-f631-40fb-92ea-2e570dff7707,2,2026-09-03T04:23:00+00:00,0.6026853379784917,0.5,0.5,0.25,"4,4","4,3.5"
D_S0.6,f53ac5f1-4189-4e25-8949-8e6073016eeb,3,2026-09-03T04:24:00+00:00,0.5691375711288318,1.0,1.0,0.167,"4.170,3.564","4,3.4"
D_S0.6,b4436f08-ef01-4453-990c-c6add342dcda,4,2026-09-03T04:27:00+00:00,0.032714772886490384,0.5555555555555556,1.0,-2.032,"4,4","4.064,8"
D_S0.6,a6397938-05cc-4785-9ec8-bb010355c9da,5,2026-09-03T04:29:00+00:00,0.9917013844071229,0.375,0.0,2.87,"7.676,4","3.936,2.000"
D_S0.6,9a0d536d-702f-4764-b2b8-fc5a69a6b9de,6,2026-09-03T04:30:00+00:00,0.3616214883593696,0.34782608695652173,0.0,-0.341,"3.740,3.733","4.324,3.831"
D_S0.6,6e504b4c-8034-4fbb-8e80-dc612f3fde9a,7,2026-09-03T04:33:00+00:00,0.6078618258663314,0.4,0.0,0.263,"4,3.133","4.437,2.170"
D_S0.6,883f6955-cf07-44f4-bf2a-d0eaab7996eb,8,2026-09-03T04:36:00+00:00,0.07632686164553514,0.4642857142857143,0.0,-1.496,"4.324,2.350","3.936,5.730"
D_S0.6,b5e0ebeb-d305-4950-b919-9bbc8fea9607,9,2026-09-03T04:37:00+00:00,0.3061175614512563,0.4,0.0,-0.491,"3.731,3.724","4.566,3.871"
D_S0.6,3a78a214-ca47-477b-a512-93a45b0f6681,10,2026-09-03T04:38:00+00:00,0.610044672404527,0.4230769230769231,0.0,0.2685,"4,4","3.813,3.650"
D_S0.6,499be5f8-602c-4641-abc1-b5e7a5fbe4e8,11,2026-09-03T04:38:00+00:00,0.5152036449521293,0.4230769230769231,0.0,0.0365,"3.884,3.884","3.929,3.766"
D_S0.6,96c408c2-df56-4284-83da-fa8f0174230f,12,2026-09-03T04:40:00+00:00,0.0202329970957854,0.5769230769230769,1.0,-2.328,"3.827,4.333","7.326,5.490"
D_S0.6,4b747051-fdbe-44eb-9098-1615dbf2bf65,13,2026-09-03T04:42:00+00:00,0.36818758226389836,0.625,1.0,-0.324,"3.782,3.696","4.286,3.840"
D_S0.6,eef05cfd-1a64-496e-aea4-8428df9c3b9b,14,2026-09-03T04:43:00+00:00,0.9548544267577386,0.4,0.0,1.831,"6.982,5.146","3.789,4.677"
D_S0.6,6a01d571-bf2d-4b08-ab63-53d3b764ac65,15,2026-09-03T04:44:00+00:00,0.7354592830135422,0.625,1.0,0.6135,"4.171,4.564","3.827,3.681"
D_S0.6,87ba212a-bccc-4be6-92ed-8495c8c0d886,16,2026-09-03T04:46:00+00:00,0.8994986748019829,0.5555555555555556,1.0,1.315,"6.639,3.941","4.127,3.823"
D_S0.6,9127f50f-f412-4a40-856c-e14097646b7d,17,2026-09-10T02:41:00+00:00,0.5946768101701475,0.4642857142857143,0.0,0.23,"4.340,3.855","3.986,3.749"
D_S0.6,fbeddd53-0142-48f1-afa4-8c984b028c2b,18,2026-09-10T02:42:00+00:00,0.0698930519280994,1.0,1.0,-1.553,"4.111,3.026","6.516,3.727"
D_S0.6,d782326c-6b6b-48cc-bb4e-4823eb5d1a11,19,2026-09-10T02:45:00+00:00,0.735783420613237,0.8333333333333334,1.0,0.6145,"4.465,4","2.282,4.954"
D_S0.6,4444b26a-6932-440a-864e-029dd40a37d0,20,2026-09-10T02:46:00+00:00,0.33255168461675977,0.375,0.0,-0.418,"4.482,3.376","4.883,3.811"
D_S0.6,eba3e49a-f356-41a6-9b31-02e74c37e3dd,21,2026-09-10T02:46:00+00:00,0.40311562174023297,0.4642857142857143,0.0,-0.2355,"3.5,4.070","4.263,3.778"
D_S0.6,42f76a99-1849-4db1-b133-f5f0db458291,22,2026-09-10T02:49:00+00:00,0.3695456046090057,0.7142857142857143,1.0,-0.3205,"3.538,4.060","4.230,4.009"
D_S0.6,a7d12f06-65d8-4881-9c89-1a96aaf41eec,23,2026-09-10T02:50:00+00:00,0.3985125531620071,0.6,1.0,-0.247,"4,4.103","3.740,4.857"
D_S0.6,6b1b6b0c-f639-4cde-9dc9-a7993eb52dd0,24,2026-09-10T02:57:00+00:00,0.473358588549516,0.4444444444444444,0.0,-0.064,"3.751,4.747","4.101,4.525"
D_S0.6,c9a88ea7-fe59-404d-8266-d011389186e8,25,2026-09-10T02:58:00+00:00,0.6982896773490691,0.5555555555555556,1.0,0.5035,"3.796,4.894","3.895,3.788"
D_S0.6,21bb139e-0201-4ffb-a7de-b50fbf708f58,26,2026-09-10T02:59:00+00:00,0.6590731668408394,0.4642857142857143,0.0,0.3955,"4.731,4.273","4,4.213"
D_S0.6,8982d3cf-5276-491f-8ede-8d0417715df0,27,2026-09-14T04:47:00+00:00,0.16903245511688772,0.5,0.5,-0.9555,"4.121,4","6.166,3.866"
D_S0.6,db80fefe-8363-444b-9403-b71ecae8b453,28,2026-09-17T04:34:00+00:00,0.8667472833719384,0.6,1.0,1.1235,"6.044,3.981","4.047,3.731"
D_S0.6,08ad6e83-1698-4b9e-8b11-9e80ac10a9b4,29,2026-09-17T04:35:00+00:00,0.5670929049654543,0.4,0.0,0.162,"5.947,2.215","4.196,3.642"
D_S0.6,e20b223e-f0bd-4bea-adb8-40d1c0ba3083,30,2026-09-17T04:37:00+00:00,0.8695137927218675,0.5769230769230769,1.0,1.138,"4.440,5.856","4.287,3.733"
D_S0.6,46e90da0-e642-4e9c-bc75-17b4b6b5596f,31,2026-09-17T04:38:00+00:00,0.42291134469755187,0.4444444444444444,0.0,-0.1865,"3.706,4.691","4.281,4.489"
D_S0.6,9ccc3f52-a4d5-4b07-9518-34a896671e8a,32,2026-09-17T04:40:00+00:00,0.37675764344503365,0.4642857142857143,0.0,-0.302,"4.306,3.428","4.446,3.892"
D_S0.6,ee391d96-8de4-42ce-a205-c1cdfb456904,33,2026-09-17T04:42:00+00:00,0.22111737926839237,0.5,0.5,-0.7555,"2.112,4.703","3.812,4.514"
D_S0.6,f3b149b5-28f9-4362-b063-42dcdfd9af4f,34,2026-09-17T04:43:00+00:00,0.32227566600489294,0.7142857142857143,1.0,-0.446,"3.719,4.269","4.477,4.403"
D_S0.6,582ecfb9-c710-4531-b49d-78ccd3f000f7,35,2026-09-17T04:48:00+00:00,0.8795667006561075,0.7142857142857143,1.0,1.193,"3.660,4.855","3.844,2.285"
D_S0.6,cc03e92d-6065-4561-9a3c-04717e8c9905,36,2026-09-17T04:50:00+00:00,0.4335209440323721,0.6,1.0,-0.1605,"4.264,4.773","5.697,3.661"
D_S0.6,cfbc251b-3ce2-41af-aac8-8943d8f1e396,37,2026-09-17T04:54:00+00:00,0.6427913242407762,0.4444444444444444,0.0,0.3525,"4.125,4.354","3.570,4.204"
D_S0.6,eb6641d5-8f9d-4284-9b9f-8d09a46004dd,38,2026-09-17T04:58:00+00:00,0.5740350358299823,0.625,1.0,0.179,"4.002,4.246","4.320,3.570"
D_S0.6,22635c77-8955-4f42-846b-ee2b2fb46872,39,2026-09-17T12:38:00+00:00,0.5166604965694115,0.5769230769230769,1.0,0.04,"4.288,3.545","4.271,3.482"
D_S0.6,8b5a8b8c-6a43-4782-8581-0a28f3244d65,40,2026-09-17T12:38:00+00:00,0.6032838233310145,0.25,0.0,0.2515,"5.615,3.575","4.325,4.362"
D_S0.6,8afb7ce5-b3d5-4431-946b-4ddf97e7d426,41,2026-09-17T14:07:00+00:00,0.5670929049654543,0.2857142857142857,0.0,0.162,"5.440,3.400","3.962,4.554"
D_S0.6,0a2a5bf6-21b9-4da6-bd9b-6594b0296ed5,42,2026-09-18T04:56:00+00:00,0.8903349155115331,0.6521739130434783,1.0,1.2565,"4.115,4.707","3.934,2.375"
D_S0.6,2828359d-f95b-4320-a7db-5184b305dfeb,43,2026-09-18T05:00:00+00:00,0.38678815265848426,0.34782608695652173,0.0,-0.2765,"3.681,4.322","3.979,4.577"
D_S0.6,eb4a38ec-5b27-4a51-bfca-8aea690e14d3,44,2026-09-19T02:48:00+00:00,0.3939273568296314,0.5769230769230769,1.0,-0.2585,"4.130,4.598","4.480,4.765"
D_S0.6,7c95849f-cb1a-493d-99d3-db6cf7fda568,45,2026-09-19T02:58:00+00:00,0.6860392075530379,0.4230769230769231,0.0,0.469,"4.355,3.455","4.380,2.492"
D_S0.6,8b58dded-0308-486f-bdc4-5dbf37890e1e,46,2026-09-24T08:37:00+00:00,0.5181170650431814,0.5,0.5,0.0435,"2.635,4.660","4.688,2.520"
D_S0.6,a6821b7d-e797-42c6-987a-775e3e8fafb5,47,2026-10-01T03:26:00+00:00,0.8257546501902516,0.6,1.0,0.9335,"4.534,4.050","4.216,2.501"
D_S0.6,936986a8-0666-4578-b38e-1d09c46579b7,48,2026-10-01T03:29:00+00:00,0.4879190184513701,0.6818181818181818,1.0,-0.029,"4.395,3.937","4.046,4.344"
D_S0.6,a29529c6-5899-4297-90aa-d390a4823c65,49,2026-10-01T03:33:00+00:00,0.6670782770956253,0.6,1.0,0.417,"3.926,4.501","4.216,3.377"
D_S0.6,053f8c34-5e15-4f83-bbaf-75197fd4d045,50,2026-10-01T03:47:00+00:00,0.6672633220285284,0.4,0.0,0.4175,"4.464,4.033","4.248,3.414"
D_S0.6,e862e4a1-932f-4a47-97f1-d286ab4be13b,51,2026-10-01T06:21:00+00:00,0.4723199960286704,0.75,1.0,-0.0665,"4.318,2.548","4.499,2.5"
D_S0.6,6450ccec-a86f-45aa-a4bf-6ae871905ca5,52,2026-10-01T08:41:00+00:00,0.8007252467465581,0.6521739130434783,1.0,0.8345,"3.685,4.674","4.362,2.328"
D_S0.6,b1c79180-37ca-45a4-9518-abc27a48f51d,53,2026-10-01T12:06:00+00:00,0.7367543048913013,0.75,1.0,0.6175,"5.539,3.237","2.600,4.941"
D_S0.6,2bc4809f-4961-4e1a-894d-a848b2ae55a6,54,2026-10-01T12:13:00+00:00,0.5330766223661045,0.5,0.5,0.0795,"4.224,4.216","4.380,3.901"
D_S0.6,4383b3be-9fce-4612-a59a-02207116a9e1,55,2026-10-01T12:49:00+00:00,0.7759988756473154,0.5555555555555556,1.0,0.7455,"5.546,3.244","4.600,2.699"
D_S0.6,b75e356b-24af-4c88-9a4d-7328cb9d74d2,56,2026-10-01T13:12:00+00:00,0.7367543048913013,0.5555555555555556,1.0,0.6175,"4.709,4.934","4.208,4.200"
D_S0.6,c63169fa-2db0-4892-b92e-7cda41f73bf3,57,2026-10-01T13:28:00+00:00,0.15987389374787808,0.4,0.0,-0.9955,"3.915,3.135","5.437,3.604"
D_S0.6,cfb52d2a-8e35-42e7-959b-536e6fc4554b,58,2026-10-01T13:57:00+00:00,0.7515071529320891,0.5357142857142857,1.0,0.664,"5.318,3.254","4.436,2.808"
D_S0.6,48337539-7d04-41d5-a7d8-499c4535f109,59,2026-10-01T14:37:00+00:00,0.34374108901758615,0.5,0.5,-0.388,"5.211,3.147","4.290,4.844"
D_S0.6,43ad7b90-44f0-4852-9210-18faf1010105,60,2026-10-02T03:39:00+00:00,0.45884333184977194,0.8823529411764706,1.0,-0.099,"4.396,3.917","4.298,4.213"
D_S1.2,f252ac4c-d134-4c6a-a68c-8bfb6868a91f,1,2026-09-03T04:21:00+00:00,0.31181091584343673,0.4444444444444444,0.0,-0.95,"4,2","2,5.9"
D_S1.2,8f4f89bf-f631-40fb-92ea-2e570dff7707,2,2026-09-03T04:23:00+00:00,0.5518957672682312,0.5,0.5,0.25,"4,4","4,3.5"
D_S1.2,f53ac5f1-4189-4e25-8949-8e6073016eeb,3,2026-09-03T04:24:00+00:00,0.5222769088808266,1.0,1.0,0.107,"4.082,3.532","4,3.4"
D_S1.2,b4436f08-ef01-4453-990c-c6add342dcda,4,2026-09-03T04:27:00+00:00,0.15709546888545273,0.5555555555555556,1.0,-2.016,"4,4","4.032,8"
D_S1.2,a6397938-05cc-4785-9ec8-bb010355c9da,5,2026-09-03T04:29:00+00:00,0.9176181852915125,0.375,0.0,2.8925,"7.753,4","3.968,2.000"
D_S1.2,9a0d536d-702f-4764-b2b8-fc5a69a6b9de,6,2026-09-03T04:30:00+00:00,0.4392597981309429,0.34782608695652173,0.0,-0.293,"3.785,3.704","4.247,3.828"
D_S1.2,6e504b4c-8034-4fbb-8e80-dc612f3fde9a,7,2026-09-03T04:33:00+00:00,0.5666836950648717,0.4,0.0,0.322,"4,3.104","4.378,2.082"
D_S1.2,883f6955-cf07-44f4-bf2a-d0eaab7996eb,8,2026-09-03T04:36:00+00:00,0.2084022387292618,0.4642857142857143,0.0,-1.6015,"4.247,2.336","3.968,5.818"
D_S1.2,b5e0ebeb-d305-4950-b919-9bbc8fea9607,9,2026-09-03T04:37:00+00:00,0.3970153808235106,0.4,0.0,-0.5015,"3.728,3.647","4.481,3.897"
D_S1.2,3a78a214-ca47-477b-a512-93a45b0f6681,10,2026-09-03T04:38:00+00:00,0.545808681873095,0.4230769230769231,0.0,0.2205,"4,4","3.895,3.664"
D_S1.2,499be5f8-602c-4641-abc1-b5e7a5fbe4e8,11,2026-09-03T04:38:00+00:00,0.5142669594615056,0.4230769230769231,0.0,0.0685,"3.924,3.924","3.971,3.740"
D_S1.2,96c408c2-df56-4284-83da-fa8f0174230f,12,2026-09-03T04:40:00+00:00,0.11468543397397407,0.5769230769230769,1.0,-2.4525,"3.868,4.304","7.417,5.660"
D_S1.2,4b747051-fdbe-44eb-9098-1615dbf2bf65,13,2026-09-03T04:42:00+00:00,0.4245392242034781,0.625,1.0,-0.365,"3.649,3.810","4.304,3.885"
D_S1.2,eef05cfd-1a64-496e-aea4-8428df9c3b9b,14,2026-09-03T04:43:00+00:00,0.851162759021216,0.4,0.0,2.0925,"7.131,5.374","3.730,4.590"
D_S1.2,6a01d571-bf2d-4b08-ab63-53d3b764ac65,15,2026-09-03T04:44:00+00:00,0.5956807306078472,0.625,1.0,0.465,"4.154,4.405","3.868,3.761"
D_S1.2,87ba212a-bccc-4be6-92ed-8495c8c0d886,16,2026-09-03T04:46:00+00:00,0.7509620830322379,0.5555555555555556,1.0,1.3245,"6.852,3.773","4.180,3.796"
D_S1.2,9127f50f-f412-4a40-856c-e14097646b7d,17,2026-09-10T02:41:00+00:00,0.5482865417959778,0.4642857142857143,0.0,0.2325,"4.301,3.934","4.027,3.743"
D_S1.2,fbeddd53-0142-48f1-afa4-8c984b028c2b,18,2026-09-10T02:42:00+00:00,0.19180357413316745,1.0,1.0,-1.726,"4.005,3.028","6.822,3.663"
D_S1.2,d782326c-6b6b-48cc-bb4e-4823eb5d1a11,19,2026-09-10T02:45:00+00:00,0.6426956474506866,0.8333333333333334,1.0,0.7045,"4.394,4","2.175,4.810"
D_S1.2,4444b26a-6932-440a-864e-029dd40a37d0,20,2026-09-10T02:46:00+00:00,0.38748016464750884,0.375,0.0,-0.5495,"4.450,3.378","5.150,3.777"
D_S1.2,eba3e49a-f356-41a6-9b31-02e74c37e3dd,21,2026-09-10T02:46:00+00:00,0.444191837749898,0.4642857142857143,0.0,-0.269,"3.5,4.075","4.233,3.880"
D_S1.2,42f76a99-1849-4db1-b133-f5f0db458291,22,2026-09-10T02:49:00+00:00,0.44635312704327557,0.7142857142857143,1.0,-0.2585,"3.512,4.118","4.222,3.925"
D_S1.2,a7d12f06-65d8-4881-9c89-1a96aaf41eec,23,2026-09-10T02:50:00+00:00,0.40331614909964314,0.6,1.0,-0.47,"4,4.086","3.868,5.158"
D_S1.2,6b1b6b0c-f639-4cde-9dc9-a7993eb52dd0,24,2026-09-10T02:57:00+00:00,0.5055206089805471,0.4444444444444444,0.0,0.0265,"3.678,5.051","4.164,4.512"
D_S1.2,c9a88ea7-fe59-404d-8266-d011389186e8,25,2026-09-10T02:58:00+00:00,0.5831780360767068,0.5555555555555556,1.0,0.403,"3.759,4.692","3.861,3.784"
D_S1.2,21bb139e-0201-4ffb-a7de-b50fbf708f58,26,2026-09-10T02:59:00+00:00,0.6135082841997387,0.4642857142857143,0.0,0.5545,"5.018,4.284","4,4.193"
D_S1.2,8982d3cf-5276-491f-8ede-8d0417715df0,27,2026-09-14T04:47:00+00:00,0.28742634079344004,0.5,0.5,-1.0895,"4.092,4","6.472,3.799"
D_S1.2,db80fefe-8363-444b-9403-b71ecae8b453,28,2026-09-17T04:34:00+00:00,0.7352971187653264,0.6,1.0,1.226,"6.402,3.884","4.078,3.756"
D_S1.2,08ad6e83-1698-4b9e-8b11-9e80ac10a9b4,29,2026-09-17T04:35:00+00:00,0.5517927205292932,0.4,0.0,0.2495,"6.365,2.057","4.153,3.770"
D_S1.2,e20b223e-f0bd-4bea-adb8-40d1c0ba3083,30,2026-09-17T04:37:00+00:00,0.7425312620154297,0.5769230769230769,1.0,1.271,"4.349,6.282","4.236,3.853"
D_S1.2,46e90da0-e642-4e9c-bc75-17b4b6b5596f,31,2026-09-17T04:38:00+00:00,0.49406277907768276,0.4444444444444444,0.0,-0.0285,"3.625,4.993","4.259,4.416"
D_S1.2,9ccc3f52-a4d5-4b07-9518-34a896671e8a,32,2026-09-17T04:40:00+00:00,0.43649072495555097,0.4642857142857143,0.0,-0.3065,"4.257,3.399","4.326,3.943"
D_S1.2,ee391d96-8de4-42ce-a205-c1cdfb456904,33,2026-09-17T04:42:00+00:00,0.3629692055196168,0.5,0.5,-0.675,"2.000,4.966","3.802,4.514"
D_S1.2,f3b149b5-28f9-4362-b063-42dcdfd9af4f,34,2026-09-17T04:43:00+00:00,0.4098505247296692,0.7142857142857143,1.0,-0.4375,"3.594,4.286","4.443,4.312"
D_S1.2,582ecfb9-c710-4531-b49d-78ccd3f000f7,35,2026-09-17T04:48:00+00:00,0.7591301819016409,0.7142857142857143,1.0,1.3775,"3.727,5.041","3.928,2.085"
D_S1.2,cc03e92d-6065-4561-9a3c-04717e8c9905,36,2026-09-17T04:50:00+00:00,0.4419298941260467,0.6,1.0,-0.28,"4.277,5.019","6.192,3.664"
D_S1.2,cfbc251b-3ce2-41af-aac8-8943d8f1e396,37,2026-09-17T04:54:00+00:00,0.5575562358446257,0.4444444444444444,0.0,0.2775,"4.116,4.272","3.703,4.130"
D_S1.2,eb6641d5-8f9d-4284-9b9f-8d09a46004dd,38,2026-09-17T04:58:00+00:00,0.5478737279861488,0.625,1.0,0.2305,"4.046,4.210","4.217,3.578"
D_S1.2,22635c77-8955-4f42-846b-ee2b2fb46872,39,2026-09-17T12:38:00+00:00,0.5046873626757262,0.5769230769230769,1.0,0.0225,"4.169,3.540","4.248,3.416"
D_S1.2,8b5a8b8c-6a43-4782-8581-0a28f3244d65,40,2026-09-17T12:38:00+00:00,0.6063710393098944,0.25,0.0,0.5185,"6.114,3.576","4.214,4.439"
D_S1.2,8afb7ce5-b3d5-4431-946b-4ddf97e7d426,41,2026-09-17T14:07:00+00:00,0.5949780698550585,0.2857142857142857,0.0,0.4615,"5.938,3.400","3.782,4.633"
D_S1.2,0a2a5bf6-21b9-4da6-bd9b-6594b0296ed5,42,2026-09-18T04:56:00+00:00,0.7541432585066528,0.6521739130434783,1.0,1.345,"3.950,4.801","3.952,2.109"
D_S1.2,2828359d-f95b-4320-a7db-5184b305dfeb,43,2026-09-18T05:00:00+00:00,0.4308624288711682,0.34782608695652173,0.0,-0.334,"3.766,4.198","3.891,4.741"
D_S1.2,eb4a38ec-5b27-4a51-bfca-8aea690e14d3,44,2026-09-19T02:48:00+00:00,0.4895848401126353,0.5769230769230769,1.0,-0.05,"4.196,4.786","4.450,4.632"
D_S1.2,7c95849f-cb1a-493d-99d3-db6cf7fda568,45,2026-09-19T02:58:00+00:00,0.6205970894861054,0.4230769230769231,0.0,0.5905,"4.359,3.384","4.401,2.161"
D_S1.2,8b58dded-0308-486f-bdc4-5dbf37890e1e,46,2026-09-24T08:37:00+00:00,0.45915373043890356,0.5,0.5,-0.1965,"2.269,4.579","4.825,2.416"
D_S1.2,a6821b7d-e797-42c6-987a-775e3e8fafb5,47,2026-10-01T03:26:00+00:00,0.67963247752449,0.6,1.0,0.9025,"4.415,4.004","4.246,2.368"
D_S1.2,936986a8-0666-4578-b38e-1d09c46579b7,48,2026-10-01T03:29:00+00:00,0.4942710840540951,0.6818181818181818,1.0,-0.0275,"4.350,3.965","4.088,4.282"
D_S1.2,a29529c6-5899-4297-90aa-d390a4823c65,49,2026-10-01T03:33:00+00:00,0.5878295384825114,0.6,1.0,0.426,"3.972,4.452","4.224,3.348"
D_S1.2,053f8c34-5e15-4f83-bbaf-75197fd4d045,50,2026-10-01T03:47:00+00:00,0.6013875674916737,0.4,0.0,0.4935,"4.459,4.058","4.189,3.341"
D_S1.2,e862e4a1-932f-4a47-97f1-d286ab4be13b,51,2026-10-01T06:21:00+00:00,0.46091324753360435,0.75,1.0,-0.188,"4.349,2.250","4.475,2.5"
D_S1.2,6450ccec-a86f-45aa-a4bf-6ae871905ca5,52,2026-10-01T08:41:00+00:00,0.6826188716185431,0.6521739130434783,1.0,0.919,"3.746,4.745","4.332,2.321"
D_S1.2,b1c79180-37ca-45a4-9518-abc27a48f51d,53,2026-10-01T12:06:00+00:00,0.6692031716617378,0.75,1.0,0.8455,"5.999,3.261","2.392,5.177"
D_S1.2,2bc4809f-4961-4e1a-894d-a848b2ae55a6,54,2026-10-01T12:13:00+00:00,0.5116645498437119,0.5,0.5,0.056,"4.171,4.188","4.289,3.958"
D_S1.2,4383b3be-9fce-4612-a59a-02207116a9e1,55,2026-10-01T12:49:00+00:00,0.7146174220678467,0.5555555555555556,1.0,1.1015,"6.039,3.301","4.730,2.407"
D_S1.2,b75e356b-24af-4c88-9a4d-7328cb9d74d2,56,2026-10-01T13:12:00+00:00,0.6606629635982615,0.5555555555555556,1.0,0.7995,"4.809,5.137","4.165,4.182"
D_S1.2,c63169fa-2db0-4892-b92e-7cda41f73bf3,57,2026-10-01T13:28:00+00:00,0.2531907450626076,0.4,0.0,-1.298,"3.871,3.222","5.960,3.729"
D_S1.2,cfb52d2a-8e35-42e7-959b-536e6fc4554b,58,2026-10-01T13:57:00+00:00,0.7268601186195572,0.5357142857142857,1.0,1.1745,"5.887,3.295","4.347,2.486"
D_S1.2,48337539-7d04-41d5-a7d8-499c4535f109,59,2026-10-01T14:37:00+00:00,0.4659900972252486,0.5,0.5,-0.1635,"5.792,3.200","4.234,5.085"
D_S1.2,43ad7b90-44f0-4852-9210-18faf1010105,60,2026-10-02T03:39:00+00:00,0.48177890583863536,0.8823529411764706,1.0,-0.0875,"4.295,3.964","4.217,4.217"
