model,scenario,match,p1,p2,p3,p4,pool_drift
A,equal,1,4.069,4.069,3.931,3.931,0.0
A,equal,5,4.177,4.177,3.823,3.823,0.0
A,equal,10,4.199,4.199,3.801,3.801,0.0
A,equal,20,4.202,4.202,3.798,3.798,0.0
A,strong_weak,1,5.781,5.781,3.219,3.219,0.0
A,strong_weak,5,5.083,5.083,3.917,3.917,0.0
A,strong_weak,10,4.784,4.784,4.216,4.216,0.0
A,strong_weak,20,4.707,4.707,4.293,4.293,0.0
A,major_upset,1,5.65,5.65,3.35,3.35,0.0
A,major_upset,5,4.628,4.628,4.372,4.372,0.0
A,major_upset,10,4.354,4.354,4.646,4.646,0.0
A,major_upset,20,4.3,4.3,4.7,4.7,0.0
A,balanced_mixed,1,6.069,2.069,3.931,3.931,0.0
A,balanced_mixed,5,6.177,2.177,3.823,3.823,0.0
A,balanced_mixed,10,6.199,2.199,3.801,3.801,0.0
A,balanced_mixed,20,6.202,2.202,3.798,3.798,0.0
A,overrated_new,1,5.699,3.699,4.301,4.301,0.0
A,overrated_new,5,5.193,3.193,4.807,4.807,0.0
A,overrated_new,10,5.081,3.081,4.919,4.919,0.0
A,overrated_new,20,5.048,3.048,4.952,4.952,0.0
A,underrated_new,1,2.301,4.301,3.699,3.699,0.0
A,underrated_new,5,2.807,4.807,3.193,3.193,0.0
A,underrated_new,10,2.919,4.919,3.081,3.081,0.0
A,underrated_new,20,2.952,4.952,3.048,3.048,0.0
A,established_provisional,1,4.069,4.055,3.945,3.945,0.014
A,established_provisional,5,4.194,4.156,3.844,3.844,0.038
A,established_provisional,10,4.226,4.185,3.815,3.815,0.041
A,established_provisional,20,4.233,4.192,3.808,3.808,0.041
A,repeated_favorite_wins,1,4.782,4.782,3.218,3.218,0.0
A,repeated_favorite_wins,5,4.257,4.257,3.743,3.743,0.0
A,repeated_favorite_wins,10,4.12,4.12,3.88,3.88,0.0
A,repeated_favorite_wins,20,4.092,4.092,3.908,3.908,0.0
A,repeated_underdog_wins,1,3.28,3.28,4.72,4.72,0.0
A,repeated_underdog_wins,5,3.919,3.919,4.081,4.081,0.0
A,repeated_underdog_wins,10,4.062,4.062,3.938,3.938,0.0
A,repeated_underdog_wins,20,4.089,4.089,3.911,3.911,0.0
A,repeated_rematches,1,4.069,4.069,3.931,3.931,0.0
A,repeated_rematches,5,4.177,4.177,3.823,3.823,0.0
A,repeated_rematches,10,4.199,4.199,3.801,3.801,0.0
A,repeated_rematches,20,4.202,4.202,3.798,3.798,0.0
B_K0.35,equal,1,4.044,4.044,3.956,3.956,0.0
B_K0.35,equal,5,4.142,4.142,3.858,3.858,0.0
B_K0.35,equal,10,4.181,4.181,3.819,3.819,0.0
B_K0.35,equal,20,4.2,4.2,3.8,3.8,0.0
B_K0.35,strong_weak,1,5.86,5.86,3.14,3.14,0.0
B_K0.35,strong_weak,5,5.362,5.362,3.638,3.638,0.0
B_K0.35,strong_weak,10,4.996,4.996,4.004,4.004,0.0
B_K0.35,strong_weak,20,4.756,4.756,4.244,4.244,0.0
B_K0.35,major_upset,1,5.773,5.773,3.227,3.227,0.0
B_K0.35,major_upset,5,4.992,4.992,4.008,4.008,0.0
B_K0.35,major_upset,10,4.544,4.544,4.456,4.456,0.0
B_K0.35,major_upset,20,4.335,4.335,4.665,4.665,0.0
B_K0.35,balanced_mixed,1,6.044,2.044,3.956,3.956,0.0
B_K0.35,balanced_mixed,5,6.142,2.142,3.858,3.858,0.0
B_K0.35,balanced_mixed,10,6.181,2.181,3.819,3.819,0.0
B_K0.35,balanced_mixed,20,6.2,2.2,3.8,3.8,0.0
B_K0.35,overrated_new,1,5.809,3.809,4.191,4.191,0.0
B_K0.35,overrated_new,5,5.353,3.353,4.647,4.647,0.0
B_K0.35,overrated_new,10,5.169,3.169,4.831,4.831,0.0
B_K0.35,overrated_new,20,5.072,3.072,4.928,4.928,0.0
B_K0.35,underrated_new,1,2.191,4.191,3.809,3.809,0.0
B_K0.35,underrated_new,5,2.647,4.647,3.353,3.353,0.0
B_K0.35,underrated_new,10,2.831,4.831,3.169,3.169,0.0
B_K0.35,underrated_new,20,2.928,4.928,3.072,3.072,0.0
B_K0.35,established_provisional,1,4.044,4.035,3.965,3.965,0.009
B_K0.35,established_provisional,5,4.152,4.121,3.879,3.879,0.031
B_K0.35,established_provisional,10,4.2,4.166,3.834,3.834,0.034
B_K0.35,established_provisional,20,4.224,4.19,3.81,3.81,0.034
B_K0.35,repeated_favorite_wins,1,4.861,4.861,3.139,3.139,0.0
B_K0.35,repeated_favorite_wins,5,4.44,4.44,3.56,3.56,0.0
B_K0.35,repeated_favorite_wins,10,4.219,4.219,3.781,3.781,0.0
B_K0.35,repeated_favorite_wins,20,4.11,4.11,3.89,3.89,0.0
B_K0.35,repeated_underdog_wins,1,3.178,3.178,4.822,4.822,0.0
B_K0.35,repeated_underdog_wins,5,3.706,3.706,4.294,4.294,0.0
B_K0.35,repeated_underdog_wins,10,3.956,3.956,4.044,4.044,0.0
B_K0.35,repeated_underdog_wins,20,4.07,4.07,3.93,3.93,0.0
B_K0.35,repeated_rematches,1,4.044,4.044,3.956,3.956,0.0
B_K0.35,repeated_rematches,5,4.142,4.142,3.858,3.858,0.0
B_K0.35,repeated_rematches,10,4.181,4.181,3.819,3.819,0.0
B_K0.35,repeated_rematches,20,4.2,4.2,3.8,3.8,0.0
B_K0.75,equal,1,4.094,4.094,3.906,3.906,0.0
B_K0.75,equal,5,4.194,4.194,3.806,3.806,0.0
B_K0.75,equal,10,4.203,4.203,3.797,3.797,0.0
B_K0.75,equal,20,4.203,4.203,3.797,3.797,0.0
B_K0.75,strong_weak,1,5.701,5.701,3.299,3.299,0.0
B_K0.75,strong_weak,5,4.891,4.891,4.109,4.109,0.0
B_K0.75,strong_weak,10,4.72,4.72,4.28,4.28,0.0
B_K0.75,strong_weak,20,4.704,4.704,4.296,4.296,0.0
B_K0.75,major_upset,1,5.65,5.65,3.35,3.35,0.0
B_K0.75,major_upset,5,4.493,4.493,4.507,4.507,0.0
B_K0.75,major_upset,10,4.312,4.312,4.688,4.688,0.0
B_K0.75,major_upset,20,4.298,4.298,4.702,4.702,0.0
B_K0.75,balanced_mixed,1,6.094,2.094,3.906,3.906,0.0
B_K0.75,balanced_mixed,5,6.194,2.194,3.806,3.806,0.0
B_K0.75,balanced_mixed,10,6.203,2.203,3.797,3.797,0.0
B_K0.75,balanced_mixed,20,6.203,2.203,3.797,3.797,0.0
B_K0.75,overrated_new,1,5.65,3.65,4.35,4.35,0.0
B_K0.75,overrated_new,5,5.117,3.117,4.883,4.883,0.0
B_K0.75,overrated_new,10,5.054,3.054,4.946,4.946,0.0
B_K0.75,overrated_new,20,5.046,3.046,4.954,4.954,0.0
B_K0.75,underrated_new,1,2.35,4.35,3.65,3.65,0.0
B_K0.75,underrated_new,5,2.883,4.883,3.117,3.117,0.0
B_K0.75,underrated_new,10,2.946,4.946,3.054,3.054,0.0
B_K0.75,underrated_new,20,2.954,4.954,3.046,3.046,0.0
B_K0.75,established_provisional,1,4.094,4.075,3.925,3.925,0.019
B_K0.75,established_provisional,5,4.218,4.175,3.825,3.825,0.043
B_K0.75,established_provisional,10,4.235,4.191,3.809,3.809,0.044
B_K0.75,established_provisional,20,4.235,4.191,3.809,3.809,0.044
B_K0.75,repeated_favorite_wins,1,4.703,4.703,3.297,3.297,0.0
B_K0.75,repeated_favorite_wins,5,4.157,4.157,3.843,3.843,0.0
B_K0.75,repeated_favorite_wins,10,4.095,4.095,3.905,3.905,0.0
B_K0.75,repeated_favorite_wins,20,4.091,4.091,3.909,3.909,0.0
B_K0.75,repeated_underdog_wins,1,3.35,3.35,4.65,4.65,0.0
B_K0.75,repeated_underdog_wins,5,4.022,4.022,3.978,3.978,0.0
B_K0.75,repeated_underdog_wins,10,4.085,4.085,3.915,3.915,0.0
B_K0.75,repeated_underdog_wins,20,4.089,4.089,3.911,3.911,0.0
B_K0.75,repeated_rematches,1,4.094,4.094,3.906,3.906,0.0
B_K0.75,repeated_rematches,5,4.194,4.194,3.806,3.806,0.0
B_K0.75,repeated_rematches,10,4.203,4.203,3.797,3.797,0.0
B_K0.75,repeated_rematches,20,4.203,4.203,3.797,3.797,0.0
C_P1.5_N5,equal,1,4.083,4.083,3.918,3.918,0.002
C_P1.5_N5,equal,5,4.188,4.188,3.813,3.813,0.002
C_P1.5_N5,equal,10,4.201,4.201,3.8,3.8,0.002
C_P1.5_N5,equal,20,4.202,4.202,3.799,3.799,0.002
C_P1.5_N5,strong_weak,1,5.737,5.737,3.263,3.263,0.0
C_P1.5_N5,strong_weak,5,4.967,4.967,4.033,4.033,0.0
C_P1.5_N5,strong_weak,10,4.756,4.756,4.244,4.244,0.0
C_P1.5_N5,strong_weak,20,4.706,4.706,4.294,4.294,0.0
C_P1.5_N5,major_upset,1,5.65,5.65,3.35,3.35,0.0
C_P1.5_N5,major_upset,5,4.536,4.536,4.464,4.464,0.0
C_P1.5_N5,major_upset,10,4.339,4.339,4.661,4.661,0.0
C_P1.5_N5,major_upset,20,4.299,4.299,4.701,4.701,0.0
C_P1.5_N5,balanced_mixed,1,6.083,2.083,3.918,3.918,0.002
C_P1.5_N5,balanced_mixed,5,6.188,2.188,3.813,3.813,0.002
C_P1.5_N5,balanced_mixed,10,6.201,2.201,3.8,3.8,0.002
C_P1.5_N5,balanced_mixed,20,6.202,2.202,3.799,3.799,0.002
C_P1.5_N5,overrated_new,1,5.65,3.65,4.35,4.35,0.0
C_P1.5_N5,overrated_new,5,5.142,3.142,4.858,4.858,0.0
C_P1.5_N5,overrated_new,10,5.069,3.069,4.931,4.931,0.0
C_P1.5_N5,overrated_new,20,5.047,3.047,4.953,4.953,0.0
C_P1.5_N5,underrated_new,1,2.35,4.35,3.65,3.65,0.0
C_P1.5_N5,underrated_new,5,2.858,4.858,3.142,3.142,0.0
C_P1.5_N5,underrated_new,10,2.931,4.931,3.069,3.069,0.0
C_P1.5_N5,underrated_new,20,2.953,4.953,3.047,3.047,0.0
C_P1.5_N5,established_provisional,1,4.083,4.055,3.945,3.945,0.028
C_P1.5_N5,established_provisional,5,4.226,4.15,3.85,3.85,0.076
C_P1.5_N5,established_provisional,10,4.255,4.177,3.823,3.823,0.078
C_P1.5_N5,established_provisional,20,4.26,4.182,3.818,3.818,0.078
C_P1.5_N5,repeated_favorite_wins,1,4.738,4.738,3.262,3.262,0.0
C_P1.5_N5,repeated_favorite_wins,5,4.193,4.193,3.807,3.807,0.0
C_P1.5_N5,repeated_favorite_wins,10,4.108,4.108,3.892,3.892,0.0
C_P1.5_N5,repeated_favorite_wins,20,4.092,4.092,3.908,3.908,0.0
C_P1.5_N5,repeated_underdog_wins,1,3.336,3.336,4.664,4.664,0.0
C_P1.5_N5,repeated_underdog_wins,5,3.988,3.988,4.012,4.012,0.0
C_P1.5_N5,repeated_underdog_wins,10,4.073,4.073,3.927,3.927,0.0
C_P1.5_N5,repeated_underdog_wins,20,4.089,4.089,3.911,3.911,0.0
C_P1.5_N5,repeated_rematches,1,4.083,4.083,3.918,3.918,0.002
C_P1.5_N5,repeated_rematches,5,4.188,4.188,3.813,3.813,0.002
C_P1.5_N5,repeated_rematches,10,4.201,4.201,3.8,3.8,0.002
C_P1.5_N5,repeated_rematches,20,4.202,4.202,3.799,3.799,0.002
C_P1.5_N10,equal,1,4.083,4.083,3.918,3.918,0.002
C_P1.5_N10,equal,5,4.188,4.188,3.813,3.813,0.002
C_P1.5_N10,equal,10,4.203,4.203,3.798,3.798,0.002
C_P1.5_N10,equal,20,4.203,4.203,3.798,3.798,0.002
C_P1.5_N10,strong_weak,1,5.737,5.737,3.263,3.263,0.0
C_P1.5_N10,strong_weak,5,4.967,4.967,4.033,4.033,0.0
C_P1.5_N10,strong_weak,10,4.728,4.728,4.272,4.272,0.0
C_P1.5_N10,strong_weak,20,4.705,4.705,4.295,4.295,0.0
C_P1.5_N10,major_upset,1,5.65,5.65,3.35,3.35,0.0
C_P1.5_N10,major_upset,5,4.536,4.536,4.464,4.464,0.0
C_P1.5_N10,major_upset,10,4.316,4.316,4.684,4.684,0.0
C_P1.5_N10,major_upset,20,4.298,4.298,4.702,4.702,0.0
C_P1.5_N10,balanced_mixed,1,6.083,2.083,3.918,3.918,0.002
C_P1.5_N10,balanced_mixed,5,6.188,2.188,3.813,3.813,0.002
C_P1.5_N10,balanced_mixed,10,6.203,2.203,3.798,3.798,0.002
C_P1.5_N10,balanced_mixed,20,6.203,2.203,3.798,3.798,0.002
C_P1.5_N10,overrated_new,1,5.65,3.65,4.35,4.35,0.0
C_P1.5_N10,overrated_new,5,5.142,3.142,4.858,4.858,0.0
C_P1.5_N10,overrated_new,10,5.058,3.058,4.942,4.942,0.0
C_P1.5_N10,overrated_new,20,5.047,3.047,4.953,4.953,0.0
C_P1.5_N10,underrated_new,1,2.35,4.35,3.65,3.65,0.0
C_P1.5_N10,underrated_new,5,2.858,4.858,3.142,3.142,0.0
C_P1.5_N10,underrated_new,10,2.942,4.942,3.058,3.058,0.0
C_P1.5_N10,underrated_new,20,2.953,4.953,3.047,3.047,0.0
C_P1.5_N10,established_provisional,1,4.083,4.055,3.945,3.945,0.028
C_P1.5_N10,established_provisional,5,4.226,4.15,3.85,3.85,0.076
C_P1.5_N10,established_provisional,10,4.265,4.175,3.825,3.825,0.09
C_P1.5_N10,established_provisional,20,4.269,4.179,3.821,3.821,0.09
C_P1.5_N10,repeated_favorite_wins,1,4.738,4.738,3.262,3.262,0.0
C_P1.5_N10,repeated_favorite_wins,5,4.193,4.193,3.807,3.807,0.0
C_P1.5_N10,repeated_favorite_wins,10,4.098,4.098,3.902,3.902,0.0
C_P1.5_N10,repeated_favorite_wins,20,4.092,4.092,3.908,3.908,0.0
C_P1.5_N10,repeated_underdog_wins,1,3.336,3.336,4.664,4.664,0.0
C_P1.5_N10,repeated_underdog_wins,5,3.988,3.988,4.012,4.012,0.0
C_P1.5_N10,repeated_underdog_wins,10,4.083,4.083,3.917,3.917,0.0
C_P1.5_N10,repeated_underdog_wins,20,4.089,4.089,3.911,3.911,0.0
C_P1.5_N10,repeated_rematches,1,4.083,4.083,3.918,3.918,0.002
C_P1.5_N10,repeated_rematches,5,4.188,4.188,3.813,3.813,0.002
C_P1.5_N10,repeated_rematches,10,4.203,4.203,3.798,3.798,0.002
C_P1.5_N10,repeated_rematches,20,4.203,4.203,3.798,3.798,0.002
C_P2_N5,equal,1,4.11,4.11,3.89,3.89,0.0
C_P2_N5,equal,5,4.199,4.199,3.801,3.801,0.0
C_P2_N5,equal,10,4.202,4.202,3.798,3.798,0.0
C_P2_N5,equal,20,4.202,4.202,3.798,3.798,0.0
C_P2_N5,strong_weak,1,5.65,5.65,3.35,3.35,0.0
C_P2_N5,strong_weak,5,4.81,4.81,4.19,4.19,0.0
C_P2_N5,strong_weak,10,4.724,4.724,4.276,4.276,0.0
C_P2_N5,strong_weak,20,4.705,4.705,4.295,4.295,0.0
C_P2_N5,major_upset,1,5.65,5.65,3.35,3.35,0.0
C_P2_N5,major_upset,5,4.44,4.44,4.56,4.56,0.0
C_P2_N5,major_upset,10,4.322,4.322,4.678,4.678,0.0
C_P2_N5,major_upset,20,4.298,4.298,4.702,4.702,0.0
C_P2_N5,balanced_mixed,1,6.11,2.11,3.89,3.89,0.0
C_P2_N5,balanced_mixed,5,6.199,2.199,3.801,3.801,0.0
C_P2_N5,balanced_mixed,10,6.202,2.202,3.798,3.798,0.0
C_P2_N5,balanced_mixed,20,6.202,2.202,3.798,3.798,0.0
C_P2_N5,overrated_new,1,5.65,3.65,4.35,4.35,0.0
C_P2_N5,overrated_new,5,5.09,3.09,4.91,4.91,0.0
C_P2_N5,overrated_new,10,5.056,3.056,4.944,4.944,0.0
C_P2_N5,overrated_new,20,5.047,3.047,4.953,4.953,0.0
C_P2_N5,underrated_new,1,2.35,4.35,3.65,3.65,0.0
C_P2_N5,underrated_new,5,2.91,4.91,3.09,3.09,0.0
C_P2_N5,underrated_new,10,2.944,4.944,3.056,3.056,0.0
C_P2_N5,underrated_new,20,2.953,4.953,3.047,3.047,0.0
C_P2_N5,established_provisional,1,4.11,4.055,3.945,3.945,0.055
C_P2_N5,established_provisional,5,4.283,4.141,3.859,3.859,0.142
C_P2_N5,established_provisional,10,4.306,4.162,3.838,3.838,0.144
C_P2_N5,established_provisional,20,4.31,4.166,3.834,3.834,0.144
C_P2_N5,repeated_favorite_wins,1,4.651,4.651,3.349,3.349,0.0
C_P2_N5,repeated_favorite_wins,5,4.123,4.123,3.877,3.877,0.0
C_P2_N5,repeated_favorite_wins,10,4.096,4.096,3.904,3.904,0.0
C_P2_N5,repeated_favorite_wins,20,4.092,4.092,3.908,3.908,0.0
C_P2_N5,repeated_underdog_wins,1,3.35,3.35,4.65,4.65,0.0
C_P2_N5,repeated_underdog_wins,5,4.053,4.053,3.947,3.947,0.0
C_P2_N5,repeated_underdog_wins,10,4.084,4.084,3.916,3.916,0.0
C_P2_N5,repeated_underdog_wins,20,4.089,4.089,3.911,3.911,0.0
C_P2_N5,repeated_rematches,1,4.11,4.11,3.89,3.89,0.0
C_P2_N5,repeated_rematches,5,4.199,4.199,3.801,3.801,0.0
C_P2_N5,repeated_rematches,10,4.202,4.202,3.798,3.798,0.0
C_P2_N5,repeated_rematches,20,4.202,4.202,3.798,3.798,0.0
D_S0.6,equal,1,4.069,4.069,3.931,3.931,0.0
D_S0.6,equal,5,4.131,4.131,3.869,3.869,0.0
D_S0.6,equal,10,4.135,4.135,3.865,3.865,0.0
D_S0.6,equal,20,4.135,4.135,3.865,3.865,0.0
D_S0.6,strong_weak,1,5.764,5.764,3.236,3.236,0.0
D_S0.6,strong_weak,5,4.94,4.94,4.06,4.06,0.0
D_S0.6,strong_weak,10,4.659,4.659,4.341,4.341,0.0
D_S0.6,strong_weak,20,4.636,4.636,4.364,4.364,0.0
D_S0.6,major_upset,1,5.65,5.65,3.35,3.35,0.0
D_S0.6,major_upset,5,4.528,4.528,4.472,4.472,0.0
D_S0.6,major_upset,10,4.374,4.374,4.626,4.626,0.0
D_S0.6,major_upset,20,4.365,4.365,4.635,4.635,0.0
D_S0.6,balanced_mixed,1,6.069,2.069,3.931,3.931,0.0
D_S0.6,balanced_mixed,5,6.131,2.131,3.869,3.869,0.0
D_S0.6,balanced_mixed,10,6.135,2.135,3.865,3.865,0.0
D_S0.6,balanced_mixed,20,6.135,2.135,3.865,3.865,0.0
D_S0.6,overrated_new,1,5.65,3.65,4.35,4.35,0.0
D_S0.6,overrated_new,5,5.237,3.237,4.763,4.763,0.0
D_S0.6,overrated_new,10,5.201,3.201,4.799,4.799,0.0
D_S0.6,overrated_new,20,5.198,3.198,4.802,4.802,0.0
D_S0.6,underrated_new,1,2.35,4.35,3.65,3.65,0.0
D_S0.6,underrated_new,5,2.763,4.763,3.237,3.237,0.0
D_S0.6,underrated_new,10,2.799,4.799,3.201,3.201,0.0
D_S0.6,underrated_new,20,2.802,4.802,3.198,3.198,0.0
D_S0.6,established_provisional,1,4.069,4.055,3.945,3.945,0.014
D_S0.6,established_provisional,5,4.149,4.12,3.88,3.88,0.029
D_S0.6,established_provisional,10,4.157,4.127,3.873,3.873,0.03
D_S0.6,established_provisional,20,4.157,4.127,3.873,3.873,0.03
D_S0.6,repeated_favorite_wins,1,4.743,4.743,3.257,3.257,0.0
D_S0.6,repeated_favorite_wins,5,4.134,4.134,3.866,3.866,0.0
D_S0.6,repeated_favorite_wins,10,4.064,4.064,3.936,3.936,0.0
D_S0.6,repeated_favorite_wins,20,4.061,4.061,3.939,3.939,0.0
D_S0.6,repeated_underdog_wins,1,3.319,3.319,4.681,4.681,0.0
D_S0.6,repeated_underdog_wins,5,4.0,4.0,4.0,4.0,0.0
D_S0.6,repeated_underdog_wins,10,4.057,4.057,3.943,3.943,0.0
D_S0.6,repeated_underdog_wins,20,4.059,4.059,3.941,3.941,0.0
D_S0.6,repeated_rematches,1,4.069,4.069,3.931,3.931,0.0
D_S0.6,repeated_rematches,5,4.131,4.131,3.869,3.869,0.0
D_S0.6,repeated_rematches,10,4.135,4.135,3.865,3.865,0.0
D_S0.6,repeated_rematches,20,4.135,4.135,3.865,3.865,0.0
D_S1.2,equal,1,4.069,4.069,3.931,3.931,0.0
D_S1.2,equal,5,4.207,4.207,3.793,3.793,0.0
D_S1.2,equal,10,4.253,4.253,3.747,3.747,0.0
D_S1.2,equal,20,4.269,4.269,3.731,3.731,0.0
D_S1.2,strong_weak,1,5.806,5.806,3.194,3.194,0.0
D_S1.2,strong_weak,5,5.214,5.214,3.786,3.786,0.0
D_S1.2,strong_weak,10,4.916,4.916,4.084,4.084,0.0
D_S1.2,strong_weak,20,4.788,4.788,4.212,4.212,0.0
D_S1.2,major_upset,1,5.669,5.669,3.331,3.331,0.0
D_S1.2,major_upset,5,4.728,4.728,4.272,4.272,0.0
D_S1.2,major_upset,10,4.37,4.37,4.63,4.63,0.0
D_S1.2,major_upset,20,4.244,4.244,4.756,4.756,0.0
D_S1.2,balanced_mixed,1,6.069,2.069,3.931,3.931,0.0
D_S1.2,balanced_mixed,5,6.207,2.207,3.793,3.793,0.0
D_S1.2,balanced_mixed,10,6.253,2.253,3.747,3.747,0.0
D_S1.2,balanced_mixed,20,6.269,2.269,3.731,3.731,0.0
D_S1.2,overrated_new,1,5.734,3.734,4.266,4.266,0.0
D_S1.2,overrated_new,5,5.18,3.18,4.82,4.82,0.0
D_S1.2,overrated_new,10,4.994,2.994,5.006,5.006,0.0
D_S1.2,overrated_new,20,4.909,2.909,5.091,5.091,0.0
D_S1.2,underrated_new,1,2.266,4.266,3.734,3.734,0.0
D_S1.2,underrated_new,5,2.82,4.82,3.18,3.18,0.0
D_S1.2,underrated_new,10,3.006,5.006,2.994,2.994,0.0
D_S1.2,underrated_new,20,3.091,5.091,2.909,2.909,0.0
D_S1.2,established_provisional,1,4.069,4.055,3.945,3.945,0.014
D_S1.2,established_provisional,5,4.224,4.179,3.821,3.821,0.045
D_S1.2,established_provisional,10,4.283,4.232,3.768,3.768,0.051
D_S1.2,established_provisional,20,4.306,4.255,3.745,3.745,0.051
D_S1.2,repeated_favorite_wins,1,4.82,4.82,3.18,3.18,0.0
D_S1.2,repeated_favorite_wins,5,4.364,4.364,3.636,3.636,0.0
D_S1.2,repeated_favorite_wins,10,4.19,4.19,3.81,3.81,0.0
D_S1.2,repeated_favorite_wins,20,4.127,4.127,3.873,3.873,0.0
D_S1.2,repeated_underdog_wins,1,3.242,3.242,4.758,4.758,0.0
D_S1.2,repeated_underdog_wins,5,3.835,3.835,4.165,4.165,0.0
D_S1.2,repeated_underdog_wins,10,4.041,4.041,3.959,3.959,0.0
D_S1.2,repeated_underdog_wins,20,4.112,4.112,3.888,3.888,0.0
D_S1.2,repeated_rematches,1,4.069,4.069,3.931,3.931,0.0
D_S1.2,repeated_rematches,5,4.207,4.207,3.793,3.793,0.0
D_S1.2,repeated_rematches,10,4.253,4.253,3.747,3.747,0.0
D_S1.2,repeated_rematches,20,4.269,4.269,3.731,3.731,0.0
